"";"page";"nedits_edit";"nedits_talk";"density_edit";"density_talk";"ncontributors_edit";"ncontributors_talk";"nadmins_edit";"nadmins_talk";"nbots_edit";"nbots_talk";"nanon_edit";"nanon_talk";"transitivity_edit";"transitivity_talk";"centralization_edit";"centralization_talk";"mean_betweenness_edit";"mean_betweenness_talk";"mean_betweenness_admins_edit";"mean_betweenness_admins_talk";"mean_degree_centrality_edit";"mean_degree_centrality_talk";"mean_degree_centrality_admins_edit";"mean_degree_centrality_admins_talk";"sd_betweenness_edit";"sd_betweenness_talk";"sd_betweenness_admins_edit";"sd_betweenness_admins_talk";"sd_degree_centrality_edit";"sd_degree_centrality_talk";"sd_degree_centrality_admins_edit";"sd_degree_centrality_admins_talk";"max_discussion_depth";"mean_discussion_depth";"sd_discussion_depth";"iscontroversial";"isfeatured";"nadded";"ndeleted";"nrestored";"ninitialized";"nresponded";"degree_assortativity_edit";"degree_assortativity_talk";"nquar1_edit";"nquar2_edit";"nquar3_edit";"nquar4_edit";"nquar1_talk";"nquar2_talk";"nquar3_talk";"nquar4_talk"
"1";"2003_Insight_Bowl";"33";"107";"0.121323529411765";"0.0721997300944669";"17";"39";"2";"3";"1";"1";"1";"0";"0.087378640776699";"0.0583153347732181";"1.033203125";"1.53289473684211";"3.64705882352941";"26.125";"0";"0";"3.88235294117647";"11.9375";"2";"1";"13.1193615339628";"64.3854782914192";"0";"0";"8.12313326972093";"28.8962944567869";"0";"0";"17";"3.57009345794393";"3.85372191948156";"0";"0";"0";"33";"0";"23";"84";"-0.193732158565118";"0.355466331469004";"0";"0";"1";"16";"3";"0";"0";"13"
"2";"Aiphanes";"150";"173";"0.0319693094629156";"0.0873737373737374";"69";"45";"15";"4";"6";"2";"6";"0";"0.165914221218962";"0.015748031496063";"0.683823529411765";"2.73476239669421";"8.47826086956522";"45.1111111111111";"0.0166666666666667";"0";"4.34782608695652";"12.1481481481481";"2.66666666666667";"1";"49.8922490731043";"102.764979568144";"0.0645497224367903";"0";"11.8381562641323";"46.3678467041247";"3.90360029179413";"0";"23";"6.24277456647399";"5.08977741335404";"0";"0";"0";"146";"4";"18";"155";"0.104583324932618";"0.234737359723789";"4";"3";"5";"57";"6";"2";"2";"17"
"3";"Annunciation_(Memling)";"92";"124";"0.438095238095238";"0.176638176638177";"15";"27";"3";"0";"3";"1";"2";"1";"0.326732673267327";"0";"2.89795918367347";"3.81065088757396";"6.06666666666667";"27.9";"2.66666666666667";"NaN";"12.2666666666667";"23.1";"2";"NaN";"15.9493121492971";"59.3603870906816";"4.61880215351701";NA;"24.7428681403253";"62.2565480714903";"1.73205080756888";NA;"20";"6.04838709677419";"5.46660941677787";"0";"0";"0";"92";"0";"17";"107";"0.0105667711653661";"0.0374422493058496";"0";"0";"2";"13";"2";"1";"0";"7"
"4";"Attalus_I";"3737";"208";"0.0797277692438983";"0.0223367697594502";"217";"97";"47";"9";"4";"1";"70";"22";"0.108924371828197";"0.0554699537750385";"1.20592206790123";"0.698404947916667";"75.8755760368664";"283.347826086957";"56.1679438476545";"37.7777777777778";"34.4423963133641";"5.6231884057971";"19.6382978723404";"1.22222222222222";"515.178103734479";"393.971476501377";"170.139094016522";"100.540760114714";"63.584426594428";"17.8309887631843";"25.6882865642105";"0.440958551844098";"37";"8.24038461538461";"9.07669436125757";"0";"0";"0";"2063";"1674";"28";"180";"-0.0159197410170387";"0.489239022370922";"39";"32";"44";"102";"14";"13";"10";"32"
"5";"Audioslave";"2425";"221";"0.0150432376769519";"0.00826724524913961";"402";"164";"36";"9";"3";"0";"233";"67";"0.0736502154585653";"0.019047619047619";"0.322417149147082";"0.0688396251270277";"258.121890547264";"93.7333333333333";"7.74491959064328";"29.8888888888889";"12.0646766169154";"3.31666666666667";"6.05555555555556";"1.22222222222222";"1222.62634542955";"145.06519735827";"41.0477622113994";"89.6666666666667";"25.6354803230098";"3.48341408240074";"6.24703104085427";"0.666666666666667";"22";"4.75565610859729";"4.90306278576985";"0";"0";"0";"1521";"904";"44";"177";"-0.146064460373741";"0.45315769453861";"97";"107";"100";"98";"28";"37";"27";"28"
"6";"Baden-Powell_House";"231";"219";"0.0347786811201445";"0.0453416149068323";"82";"70";"19";"7";"10";"3";"9";"1";"0.144291754756871";"0.00818926296633303";"0.858405730833714";"1.99768956101659";"32.3658536585366";"125.516129032258";"12.8827751196172";"0";"5.63414634146341";"12.8709677419355";"3";"1";"171.020803614481";"306.212221720791";"29.7148849766408";"0";"16.3710918021107";"49.5323072586528";"2.49443825784929";"0";"41";"7.55251141552511";"9.23449509324482";"0";"0";"0";"227";"4";"39";"180";"0.0041368703253112";"0.394769338528641";"3";"3";"11";"65";"4";"1";"0";"26"
"7";"BAE_Systems";"4722";"953";"0.0186263372148064";"0.00451359287676423";"504";"460";"52";"14";"9";"6";"212";"89";"0.083006404452939";"0.0194690265486726";"1.26021603974562";"0.58717682183016";"390.956349206349";"836.285087719298";"127.018550262938";"0";"18.7380952380952";"7.34210526315789";"9.11538461538461";"1";"4609.0817137208";"3595.48031207463";"688.751348323737";"0";"69.0641420912909";"37.2437687062227";"19.630562252747";"0";"65";"6.5299055613851";"10.4779378910669";"0";"0";"0";"3109";"1613";"232";"721";"0.0229629899398738";"0.45992296977983";"75";"105";"125";"199";"60";"41";"44";"83"
"8";"Barton_Fink";"1134";"260";"0.00617606692373047";"0.00806952203600248";"429";"180";"29";"8";"16";"1";"190";"45";"0.0890244826802092";"0.00940438871473354";"0.33924087256529";"0.236259792141319";"208.67365967366";"155.721739130435";"48.5395985099494";"0";"5.28671328671329";"3.95652173913043";"3.79310344827586";"1";"1695.66985659637";"246.783258088109";"116.905524962525";"0";"17.1252760579246";"9.04801161092123";"5.08765530015566";"0";"25";"3.46538461538462";"4.60765204637431";"0";"0";"0";"995";"139";"65";"195";"-0.0240302778122033";"0.209284881408893";"70";"85";"102";"172";"29";"17";"26";"43"
"9";"Battle_of_Ceresole";"485";"133";"0.109678878335595";"0.0291922739244952";"67";"68";"18";"3";"0";"1";"24";"12";"0.172512526843236";"0.0077319587628866";"1.25757575757576";"1.14435286255291";"11.1044776119403";"46.0277777777778";"1.5297619047619";"0";"14.4776119402985";"6.5";"11.1111111111111";"1";"80.7730251190376";"90.2787702021153";"5.54270025442872";"0";"24.1525192919943";"25.5594544989856";"10.1046808541091";"0";"30";"6.33834586466165";"7.47712391843231";"0";"0";"0";"300";"185";"32";"101";"0.0108181352096695";"0.549437534031298";"5";"19";"10";"33";"4";"5";"13";"14"
"10";"Battle_of_Hochkirch";"54";"180";"0.0453781512605042";"0.0383631713554987";"35";"69";"9";"4";"2";"1";"4";"5";"0.156398104265403";"0.00662251655629139";"0.150086505190311";"1.62489186851211";"7.02857142857143";"32.6111111111111";"19.9259259259259";"0";"3.08571428571429";"9.08333333333333";"5.11111111111111";"1";"17.6696947883157";"43.0715536074418";"30.4064036465355";"0";"3.03287311434737";"36.7985830472549";"4.78132942926035";"0";"28";"6.76666666666667";"7.19023235652243";"0";"0";"0";"53";"1";"33";"147";"-0.283396445181877";"0.644058314338057";"1";"2";"5";"27";"7";"2";"6";"21"
"11";"Battle_of_the_Nile";"1609";"20";"0.00909964936093202";"0.0526315789473684";"421";"20";"41";"1";"14";"0";"135";"2";"0.094481850117096";"0";"0.532641723356009";"0.138504155124654";"473.914489311164";"7.5";"306.455424874738";"0";"7.6437054631829";"3.5";"5.26829268292683";"1";"3216.88064937581";"6.48074069840786";"1477.8359054673";NA;"24.8737074715393";"2";"7.1833988829937";NA;"4";"0.8";"1.19648608323224";"0";"0";"0";"1287";"322";"12";"8";"-0.0902661838526514";"-0.0782780363856437";"71";"46";"89";"215";"1";"1";"3";"3"
"12";"Ben_Crosby";"105";"97";"0.0708502024291498";"0.119458128078818";"39";"29";"11";"4";"9";"2";"0";"0";"0.264875239923225";"0.0408163265306122";"0.724030470914127";"2.50255102040816";"11.6923076923077";"23.6875";"4.13636363636364";"0";"5.38461538461539";"11.3125";"3.63636363636364";"1";"43.9837205473728";"44.7775520396847";"8.94452600502371";"0";"10.3125253036127";"34.9260528354789";"3.93122696553448";"0";"15";"4.83505154639175";"3.99134587882316";"0";"0";"0";"105";"0";"13";"84";"-0.0404115858916275";"0.435395192855858";"0";"0";"0";"39";"4";"0";"0";"12"
"13";"California_condor";"8196";"212";"0.0136282008646492";"0.0156203949307398";"776";"117";"70";"2";"23";"0";"378";"20";"0.110557646133344";"0.0243024302430243";"0.629763995837669";"0.484207788347206";"537.033505154639";"60.1739130434783";"78.3053487920553";"0";"21.1237113402062";"7.67391304347826";"5.8";"1";"4918.3745776838";"92.8367187731569";"420.713926265664";"0";"62.3361762486676";"18.3485444143562";"10.9446565613717";"0";"19";"3.81603773584906";"4.33098911225974";"0";"0";"0";"4842";"3354";"71";"141";"-0.0919298247523019";"0.368975686994736";"181";"155";"165";"275";"11";"10";"14";"11"
"14";"Charles_Edward_Magoon";"975";"99";"0.0649740103958417";"0.0199195171026157";"123";"71";"26";"8";"0";"1";"53";"12";"0.207335329341317";"0.0347107438016529";"0.711300725611395";"0.4";"15.9105691056911";"60.1777777777778";"0.0574175824175824";"5.125";"15.8536585365854";"3.82222222222222";"12.5384615384615";"1.25";"104.714898957324";"152.971074046532";"0.234084628109241";"12.2525507548428";"25.7528234730343";"8.73677933401738";"18.2433127895802";"0.462910049886276";"24";"4.96969696969697";"6.06672850927045";"0";"0";"0";"576";"399";"26";"73";"-0.168025512341296";"0.12812561717445";"22";"21";"22";"58";"10";"8";"4";"23"
"15";"Common_raven";"3070";"780";"0.00627426936439812";"0.00474365991607371";"700";"406";"54";"12";"22";"7";"311";"111";"0.10865614119605";"0.0397196261682243";"0.335406599659026";"0.318262459990855";"443.072857142857";"1635.41935483871";"8.37680687673113";"43.4166666666667";"8.77142857142857";"5.13620071684588";"4.74074074074074";"1.58333333333333";"3851.3158629724";"3361.47820666202";"48.8331638865794";"101.053053872556";"29.6157419709741";"17.4670114945143";"5.9182646142872";"0.996204919895622";"47";"8.41025641025641";"9.4173465398706";"0";"0";"0";"2396";"674";"127";"653";"-0.0426821766839692";"0.54390477375699";"142";"140";"164";"254";"72";"46";"67";"94"
"16";"Common_starling";"2310";"600";"0.0115352348993289";"0.00706114955514758";"448";"292";"46";"13";"21";"6";"150";"55";"0.0886944531083277";"0.0215529151699364";"0.622964931509592";"0.541183972792008";"238.299107142857";"1290.04324324324";"15.5264504642282";"0";"10.3125";"5.90810810810811";"5.28260869565217";"1.07692307692308";"2136.42278927059";"2373.34704822664";"72.1956688054636";"0";"34.6293331712245";"26.1876005588853";"6.77138765846824";"0.277350098112615";"43";"6.715";"7.61952778542004";"0";"0";"0";"1734";"576";"107";"493";"-0.0091562761154286";"0.560221138454896";"66";"69";"92";"221";"44";"19";"48";"74"
"17";"Cyclone_Rewa";"149";"169";"0.056184012066365";"0.134126984126984";"52";"36";"9";"3";"7";"1";"11";"1";"0.146437994722955";"0.0176817288801572";"1.32218377547097";"4.12326530612245";"12.6346153846154";"35";"3.88888888888889";"0";"5.73076923076923";"28.4545454545455";"2.33333333333333";"1";"80.884917324926";"81.5928918472682";"11.6666666666667";"0";"19.0552503028054";"86.754093432372";"1.4142135623731";"0";"63";"13.9704142011834";"18.0087366481036";"0";"0";"0";"134";"15";"25";"144";"-0.117635205703974";"0.160627943598386";"1";"9";"7";"35";"4";"1";"0";"6"
"18";"Damon_Hill";"7194";"197";"0.024625179708359";"0.0216008771929825";"541";"96";"57";"4";"6";"0";"224";"13";"0.105510187299559";"0.0235955056179775";"0.774027777777778";"0.903601108033241";"347.824399260629";"106.142857142857";"51.8885843586919";"0";"26.5951940850277";"7.08163265306122";"10.0701754385965";"1";"2869.32596942132";"126.528561407501";"243.297565114009";"0";"66.6869739557804";"24.9615009687367";"13.9474263487708";"0";"23";"3.92893401015228";"4.88594667165701";"0";"0";"0";"4282";"2912";"47";"150";"-0.194259282700986";"0.353217326634666";"98";"120";"112";"211";"9";"4";"10";"26"
"19";"Death_Valley_National_Park";"161";"159";"0.0353380158033363";"0.0203013278855975";"68";"89";"24";"10";"0";"0";"11";"8";"0.0991544965411222";"0.0134649910233393";"0.857874805079082";"0.83567923553719";"34.6617647058823";"62.8695652173913";"9.33194444444444";"0";"4.73529411764706";"5.97826086956522";"2.70833333333333";"1";"193.041393562025";"173.360973270053";"31.8704748701601";"0";"14.3606195008961";"21.6912569488106";"3.80479293462369";"0";"16";"3.37735849056604";"3.88388303230746";"0";"0";"0";"157";"4";"43";"116";"-0.193873543030514";"0.24127203671093";"4";"9";"19";"36";"9";"5";"13";"19"
"20";"Deathrow_(video_game)";"311";"183";"0.0363487611033193";"0.017083644510829";"93";"104";"9";"2";"5";"2";"20";"14";"0.22200956937799";"0.00642398286937901";"0.435727788279773";"0.76208879253464";"28.2795698924731";"16.3478260869565";"62.0666666666667";"0";"6.68817204301075";"6.69565217391304";"7.77777777777778";"1";"105.948737684426";"40.3144404187903";"161.09776534763";"0";"11.4597390654561";"23.9822800928958";"9.3645311919201";"0";"24";"4.47540983606557";"6.17137994803266";"0";"0";"0";"267";"44";"58";"125";"-0.0807337339207719";"0.706609117725652";"21";"19";"14";"39";"16";"8";"8";"14"
"21";"Dilwale_Dulhania_Le_Jayenge";"4635";"696";"0.00483104375560234";"0.00760605861910694";"980";"303";"53";"8";"20";"5";"580";"91";"0.0554556898164702";"0.0166260252715584";"1.03504023721857";"0.897674444103329";"1175.1387755102";"411.628571428571";"25.6464365801254";"23.375";"9.45918367346939";"6.18571428571429";"2.90566037735849";"1.375";"13319.3510565731";"1259.28443571655";"129.777409143578";"66.1144840409422";"68.0617349349576";"38.5284184647081";"4.45604235817198";"0.744023809142845";"62";"10.2729885057471";"12.4499650217016";"0";"0";"0";"3577";"1058";"93";"603";"0.0449096849496707";"0.55862171409021";"285";"302";"175";"218";"67";"56";"37";"50"
"22";"Distributed_element_filter";"258";"178";"0.0868686868686869";"0.114102564102564";"55";"40";"10";"3";"3";"1";"12";"3";"0.191005558362809";"0.0123456790123457";"1.13751714677641";"3.0913872452334";"22.8";"38.1";"23.4";"0";"9.38181818181818";"16.8";"5.1";"1";"100.651511015799";"109.186778648236";"42.140505718634";"0";"19.0102223077099";"53.9918122447625";"4.9766119666563";"0";"29";"8.15730337078652";"7.46653381097173";"0";"0";"0";"199";"59";"20";"158";"-0.084948634940449";"0.239690099303178";"6";"8";"6";"35";"4";"3";"2";"11"
"23";"Effects_of_Hurricane_Isabel_in_Maryland_and_Washington,_D.C.";"785";"64";"0.0531770762769272";"0.266666666666667";"122";"16";"23";"2";"7";"0";"35";"0";"0.19252202049254";"0";"0.675500307356055";"3.69777777777778";"27.827868852459";"13.3333333333333";"9.52712215320911";"0";"12.8688524590164";"38.3333333333333";"6.65217391304348";"1";"210.478281612461";"13.0128141972954";"39.6462746322735";"0";"21.77455897388";"63.7991640488599";"8.30995402925789";"0";"9";"3.3125";"2.70728001495322";"0";"0";"0";"474";"311";"13";"51";"-0.262251898099818";"0.122191961994384";"9";"21";"17";"75";"0";"0";"0";"3"
"24";"Ernest_Emerson";"73";"731";"0.213450292397661";"0.035499222999223";"19";"144";"3";"5";"0";"4";"5";"17";"0.190751445086705";"0.0103366021733369";"1.82716049382716";"3.89011687613086";"12.7368421052632";"210.451612903226";"0";"0";"7.68421052631579";"22.258064516129";"1.66666666666667";"1";"38.9596703390888";"760.873597772875";"0";"0";"15.871192042254";"141.216835419962";"1.15470053837925";"0";"46";"10.3871409028728";"10.5384773876487";"0";"0";"0";"73";"0";"83";"648";"-0.244372729725218";"0.436233868537362";"2";"2";"5";"10";"16";"12";"8";"25"
"25";"Ernest_Joyce";"78";"231";"0.0786290322580645";"0.0347786811201445";"32";"82";"10";"7";"1";"2";"1";"1";"0.0485175202156334";"0.00354609929078014";"1.33402705515088";"1.88324950464868";"14.84375";"300.1875";"4.2";"0";"4.875";"12.875";"2.5";"1";"64.8930183505526";"317.183211277219";"9.62404396406325";"0";"14.7467875123867";"53.8383182884554";"2.17306746840088";"0";"26";"5.07359307359307";"5.93066786976956";"0";"0";"0";"78";"0";"50";"181";"-0.310866951287094";"0.476885499011491";"2";"1";"2";"27";"5";"0";"2";"25"
"26";"Fallout_4._Far_Harbor";"292";"145";"0.141062801932367";"0.137310606060606";"46";"33";"11";"3";"5";"1";"5";"0";"0.263330598851518";"0.093167701863354";"2.59308641975309";"2.8876953125";"31.4782608695652";"36";"0.0871608946608947";"0";"12.695652173913";"16.1176470588235";"4.90909090909091";"1";"143.312704555006";"89.3183432443151";"0.144354205376438";"0";"36.0313872833842";"44.4548680587137";"4.36931448752651";"0";"37";"9.88965517241379";"9.27520383227604";"0";"0";"0";"289";"3";"16";"129";"-0.104171927533977";"0.246523854085438";"3";"2";"4";"37";"4";"0";"1";"12"
"27";"Fauna_of_Scotland";"683";"369";"0.0166560991074477";"0.0220035778175313";"203";"130";"28";"4";"18";"4";"47";"16";"0.0879738239288801";"0.0200812813770022";"0.863836878737379";"1.30587104140376";"48.8374384236453";"213.795454545455";"3.85714285714286";"158.25";"6.72906403940887";"7.90909090909091";"3";"1.5";"505.911950065937";"854.844060141869";"20.4100815424983";"205.258170767126";"26.3577912769797";"37.2782751943126";"3.23178657161089";"0.577350269189626";"25";"6.63685636856369";"5.61813318865881";"0";"0";"0";"532";"151";"42";"327";"-0.189089435143092";"0.0571685443655733";"25";"20";"35";"123";"30";"7";"12";"39"
"28";"Florence_Nagle";"319";"239";"0.321572580645161";"0.179429429429429";"32";"37";"5";"3";"5";"1";"3";"2";"0.398467432950192";"0.230769230769231";"2.16545265348595";"2.98456790123457";"27.375";"57.6363636363636";"9.64793010193468";"0";"19.9375";"21.0454545454545";"7.4";"1";"59.7439145013312";"100.321801467251";"13.2957369352992";"0";"36.903481346397";"47.3421962923516";"10.5023806824929";"0";"60";"14.1087866108787";"14.0636565329264";"0";"0";"0";"314";"5";"15";"224";"-0.0978815100462959";"0.64198825402753";"2";"1";"0";"29";"10";"0";"0";"12"
"29";"Florida_Atlantic_University";"2341";"768";"0.0167811214176141";"0.0113174182139699";"374";"261";"23";"6";"2";"1";"216";"67";"0.0887481258107448";"0.0083955223880597";"1.68343048537688";"1.50406065088757";"285.628342245989";"360.057851239669";"0";"0";"12.5187165775401";"11.5371900826446";"4.69565217391304";"1";"3101.61446563935";"1678.77595507888";"0";"0";"68.3838591750089";"72.5568789895571";"5.32946170408757";"0";"28";"5.83723958333333";"6.15283983234562";"0";"0";"0";"1850";"491";"140";"628";"0.062469098475559";"0.46742612472452";"121";"96";"53";"104";"28";"44";"21";"28"
"30";"Georges_Bizet";"3185";"186";"0.0237116779083099";"0.00769230769230769";"367";"156";"43";"6";"4";"3";"167";"48";"0.118753667409928";"0.00691244239631336";"0.406357311355968";"0.154588969823101";"89.2261580381471";"480.444444444444";"23.5788376472649";"174.583333333333";"17.3569482288828";"2.71428571428571";"8.55813953488372";"3.33333333333333";"629.497939532901";"548.382042821324";"88.4155642085527";"266.46058182528";"31.2422335609086";"4.5849443056284";"12.3833650430564";"4.27395211328656";"54";"13.6290322580645";"15.0216786095164";"0";"0";"0";"1849";"1336";"30";"156";"-0.0686866366358252";"0.314973589028079";"76";"64";"82";"145";"34";"22";"18";"52"
"31";"Globular_cluster";"3236";"241";"0.0411286222674123";"0.0102283337577455";"281";"154";"32";"9";"5";"4";"99";"35";"0.103226952358654";"0.0194678780012979";"0.47484693877551";"0.51599812038105";"77.0462633451958";"504.394736842105";"8.43139619883041";"136.222222222222";"23.0320284697509";"3.87719298245614";"19.71875";"1.44444444444444";"626.344037985331";"938.278268721417";"42.5417141030374";"368.193148285576";"38.2682594952944";"14.8444085900115";"41.5352430026637";"1.0137937550497";"45";"8.21576763485477";"10.1642305994657";"0";"0";"0";"1821";"1415";"41";"200";"-0.169996848523616";"0.33206154380551";"46";"48";"72";"115";"29";"17";"25";"42"
"32";"Gobrecht_dollar";"109";"75";"0.0427450980392157";"0.0346901017576318";"51";"47";"11";"6";"3";"1";"7";"3";"0.186305732484076";"0.0222222222222222";"0.5888";"0.608695652173913";"17.5294117647059";"6.88461538461539";"5.93181818181818";"0";"4.27450980392157";"4.96153846153846";"2.18181818181818";"1";"60.7674446613728";"13.8861857198496";"14.1439434516558";"0";"9.23055454752866";"11.2338088615777";"1.53741222957161";"0";"15";"3.28";"3.80099560215052";"0";"0";"0";"103";"6";"21";"54";"0.0104685115561724";"0.431007603642382";"4";"4";"11";"32";"9";"2";"4";"11"
"33";"Harvey_Kurtzman's_Jungle_Book";"178";"189";"0.103368176538908";"0.121153846153846";"42";"40";"6";"3";"6";"0";"7";"2";"0.214285714285714";"0.00845070422535211";"1.51814396192742";"3.99145299145299";"15.7142857142857";"44.2631578947368";"0";"0";"8.47619047619048";"18.7894736842105";"2.83333333333333";"1";"90.6821247114093";"134.594387411983";"0";"0";"19.8214445281454";"71.2659954344508";"2.2286019533929";"0";"25";"6.96296296296296";"6.05855327367001";"0";"0";"0";"135";"43";"21";"168";"-0.11826837758989";"0.0643199862710588";"3";"6";"4";"29";"8";"0";"2";"9"
"34";"Hawksbill_sea_turtle";"12";"346";"0.285714285714286";"0.00651232825145869";"7";"231";"0";"9";"1";"6";"0";"63";"0.375";"0.0142857142857143";"0.444444444444444";"0.379914933837429";"0.142857142857143";"477.144736842105";"NaN";"0";"3.42857142857143";"4.03289473684211";"NaN";"1";"0.377964473009227";"764.018858708217";NA;"0";"2.8784916685157";"14.3800900637132";NA;"0";"50";"7.46242774566474";"10.431003336722";"0";"0";"0";"12";"0";"80";"266";"-0.537186322130648";"0.656294770029422";"0";"1";"3";"3";"43";"34";"25";"49"
"35";"Heian_Palace";"605";"121";"0.0293803418803419";"0.0379072681704261";"144";"57";"29";"5";"5";"0";"48";"14";"0.147090172671072";"0.036036036036036";"0.544329796078048";"0.979272959183674";"4.70138888888889";"39.9032258064516";"0.689655172413793";"0";"8.40277777777778";"6.96774193548387";"3.48275862068966";"1";"35.4957014932921";"78.7694335127147";"2.30067456374774";"0";"18.0195385194452";"19.8569616188173";"4.19711371620999";"0";"14";"4.24793388429752";"4.09731821182168";"0";"0";"0";"383";"222";"27";"94";"-0.188081308262486";"0.562150671964586";"22";"19";"32";"71";"8";"4";"7";"11"
"36";"Heidi_Game";"268";"154";"0.0159809183064997";"0.0152475247524752";"130";"101";"13";"7";"1";"1";"56";"35";"0.192139737991266";"0.0260115606936416";"0.120605732828556";"0.0957";"33.9153846153846";"292.214285714286";"15.8333333333333";"276.428571428571";"4.12307692307692";"3.46428571428571";"5";"2";"114.844279046832";"356.813223437649";"41.1346028977497";"405.972025777991";"5.61975389763697";"3.3236879957793";"6.04152298679729";"1.4142135623731";"58";"13.9935064935065";"16.2772132128655";"0";"0";"0";"263";"5";"17";"137";"-0.179085076776783";"0.170157531662191";"17";"30";"33";"50";"18";"16";"18";"32"
"37";"Here_We_Go_Again_(Ray_Charles_song)";"462";"287";"0.0576779026217228";"0.12202380952381";"90";"49";"13";"3";"13";"1";"14";"4";"0.218841183826594";"0.0223463687150838";"1.38467365231663";"4.3203125";"21.1555555555556";"63.12";"2.5683509816873";"0";"10.2666666666667";"22";"8.07692307692308";"1";"145.650058331193";"154.539337629615";"9.26032115786185";"0";"28.9784111815459";"83.1980568683348";"13.2064475318027";"0";"57";"11.9024390243902";"12.7393542959019";"0";"0";"0";"378";"84";"24";"263";"0.0207704955382194";"0.39909218101648";"10";"4";"6";"70";"8";"1";"2";"14"
"38";"Homework_(Daft_Punk_album)";"364";"194";"0.0242569638811142";"0.0188312948941953";"123";"102";"10";"0";"5";"5";"48";"23";"0.16350520972482";"0.037037037037037";"0.649052674012362";"0.545926869914714";"66.0975609756098";"231.10447761194";"0";"NaN";"5.91869918699187";"5.26865671641791";"2.5";"NaN";"370.954651826009";"386.397988589107";"0";NA;"17.0676539515181";"14.9874514072073";"1.43372087784044";NA;"31";"6.54639175257732";"7.12584236424992";"0";"0";"0";"311";"53";"35";"159";"-0.00628609845108931";"0.641165581926648";"17";"26";"27";"53";"20";"12";"10";"25"
"39";"Hudson_Valley_Rail_Trail";"3";"125";"0.5";"0.459558823529412";"3";"17";"0";"0";"0";"0";"1";"1";"0";"0.0365853658536585";"0.75";"6.783203125";"0.333333333333333";"9.33333333333333";"NaN";"NaN";"2";"39.8333333333333";"NaN";"NaN";"0.577350269189626";"17.2935440747889";NA;NA;"1.73205080756888";"87.9168167455275";NA;NA;"37";"11.216";"9.87468578511938";"0";"0";"0";"3";"0";"11";"114";"-0.5";"0.372999174363494";"1";"0";"0";"2";"3";"0";"0";"3"
"40";"Hydnellum_peckii";"652";"101";"0.0330293819655522";"0.0285310734463277";"141";"60";"15";"6";"11";"2";"55";"10";"0.115232536245528";"0.033457249070632";"0.783239795918367";"0.651824188451594";"33.1347517730496";"82";"2.93518518518518";"0";"9.24822695035461";"5.3030303030303";"2.73333333333333";"1";"259.9785578164";"164.28177013899";"11.367923340257";"0";"24.1794351902511";"13.6186564326406";"2.08623607302265";"0";"11";"2.46534653465347";"2.65542597876741";"0";"0";"0";"448";"204";"27";"74";"-0.0594432159502923";"0.20395011909927";"35";"20";"13";"73";"9";"6";"1";"17"
"41";"If_Day";"221";"100";"0.0349683544303797";"0.0443262411347518";"80";"48";"15";"6";"8";"0";"18";"7";"0.132732486685785";"0.04";"0.765742669443999";"1.00860117700317";"32.7375";"45.5806451612903";"3.66666666666667";"0.333333333333333";"5.525";"5.90322580645161";"3.73333333333333";"1.33333333333333";"170.906039197491";"88.0896415376777";"9.28644685754973";"0.816496580927726";"14.3456207757991";"17.2266360397877";"3.15020785406448";"0.816496580927726";"25";"6.77";"6.55490409363613";"0";"0";"0";"176";"45";"17";"83";"-0.14350003034676";"0.50789254386405";"5";"10";"11";"54";"9";"4";"3";"15"
"42";"Indian_Head_gold_pieces";"48";"44";"0.08";"0.0869565217391304";"25";"23";"3";"1";"3";"1";"3";"0";"0.0963855421686747";"0";"0.914930555555556";"1.16838842975207";"7.36";"12.625";"0";"0";"3.84";"9.125";"1.66666666666667";"1";"26.5943759718729";"21.5203392166573";"0";NA;"9.01702094190019";"18.0431031540745";"1.15470053837925";NA;"5";"1.31818181818182";"1.30780709893846";"0";"0";"0";"48";"0";"15";"29";"-0.202337869149524";"0.288897250101439";"0";"2";"2";"21";"0";"1";"0";"7"
"43";"Jake_Gyllenhaal";"70";"525";"0.0227272727272727";"0.00648628613787991";"56";"285";"15";"12";"1";"0";"20";"116";"0.289772727272727";"0.0271084337349398";"0.106446280991736";"0.201968855385836";"2.625";"718.925581395349";"0.0666666666666667";"213.666666666667";"2.5";"4.55813953488372";"1.86666666666667";"1.33333333333333";"8.79074409923198";"1426.81627768099";"0.258198889747161";"705.024478405903";"2.81554128495263";"11.768606912971";"1.68466472572297";"0.65133894727893";"96";"14.0571428571429";"20.9558007106436";"0";"0";"0";"66";"4";"70";"455";"0.0543950208348808";"0.672222429041735";"7";"9";"15";"25";"58";"58";"53";"46"
"44";"Japanese_battleship_Musashi";"868";"210";"0.0134012660182183";"0.0112709317303564";"255";"137";"32";"10";"19";"2";"71";"19";"0.183739486737115";"0.021015761821366";"0.405511811023622";"0.296036980968858";"258.698039215686";"138.81914893617";"163.440261478055";"29.8";"6.8078431372549";"4.01063829787234";"5.59375";"1.4";"1131.06614891477";"225.069939560776";"548.39555847634";"53.3704037833704";"17.2733448463238";"9.21370494035813";"9.62476434566984";"0.699205898780101";"25";"5.4";"5.92553472038499";"0";"0";"0";"794";"74";"43";"167";"-0.00975677250690577";"0.47897482232016";"20";"34";"56";"145";"20";"9";"16";"49"
"45";"Kill_'Em_All";"5842";"204";"0.00419919207601961";"0.00710059171597633";"1180";"170";"32";"5";"12";"0";"763";"51";"0.064770711980812";"0.0115384615384615";"0.320075451011877";"0.0464269458352299";"1970.95423728814";"147.050420168067";"0";"5.6";"9.90169491525424";"3";"4.28125";"1.2";"10956.313938029";"271.08941700578";"0";"12.5219806739988";"32.8932861740309";"3.04207779126958";"4.54535832009584";"0.447213595499958";"29";"4.93627450980392";"6.24624875351403";"0";"0";"0";"4065";"1777";"51";"153";"-0.100002686678475";"-0.0649706917293438";"326";"359";"273";"222";"29";"36";"23";"31"
"46";"Koli_Point_action";"54";"85";"0.09";"0.0913978494623656";"25";"31";"6";"2";"2";"2";"3";"0";"0.226229508196721";"0";"0.774305555555556";"1.83444444444444";"5.48";"52.9411764705882";"2.47222222222222";"26";"4.32";"9.17647058823529";"3.33333333333333";"1.5";"15.997925212699";"49.9705795796828";"6.05568297521397";"36.7695526217005";"7.78738295792196";"26.5618036240897";"3.14112506383727";"0.707106781186548";"21";"6.08235294117647";"5.51450849319943";"0";"0";"0";"54";"0";"14";"71";"-0.227133900008746";"0.493378236657164";"1";"2";"0";"22";"2";"0";"0";"15"
"47";"Larrys_Creek";"993";"240";"0.0651062155782848";"0.0344234079173838";"124";"84";"21";"4";"6";"1";"36";"5";"0.228878214184798";"0.00709779179810726";"1.28673408685306";"2.00754826535056";"47.7177419354839";"34.9032258064516";"9.1047619047619";"0";"16.0161290322581";"13.7741935483871";"9.19047619047619";"1";"311.580741358127";"153.741634967827";"28.7563988738242";"0";"36.5911233340137";"59.7454096855534";"10.2010737063264";"0";"26";"5.3375";"5.84301696731532";"0";"0";"0";"610";"383";"53";"187";"-0.11821300708196";"0.382362202845384";"9";"25";"17";"73";"5";"6";"2";"18"
"48";"Lat";"464";"150";"0.0182389937106918";"0.0118520859671302";"160";"113";"23";"4";"14";"5";"57";"24";"0.153358353824253";"0.00483870967741936";"0.506941972232111";"0.330357142857143";"44.1375";"79.8939393939394";"0.199275362318841";"0";"5.8";"3.83333333333333";"3.04347826086957";"1";"301.883208034284";"116.737164181616";"0.720698284088859";"0";"14.3183920955273";"9.39980905425266";"3.71089625133098";"0";"20";"3.43333333333333";"4.35877063307618";"0";"0";"0";"385";"79";"47";"103";"-0.0617865354834313";"0.389691915568208";"28";"30";"15";"87";"27";"10";"9";"20"
"49";"Logarithm";"17529";"1242";"0.0133821418755917";"0.00253107805176279";"1145";"701";"109";"24";"11";"2";"579";"185";"0.0957267330857083";"0.00971125210410462";"0.604278479387745";"0.415204081632653";"893.096069868995";"1937.71462264151";"102.286039590192";"0";"30.6183406113537";"5.20518867924528";"9.88990825688073";"1";"9264.09836871927";"6856.96536372014";"871.469516497438";"0";"86.4853165457192";"29.541778269449";"18.0694849429256";"0";"36";"5.02012882447665";"6.27739743822325";"0";"0";"0";"10467";"7062";"279";"963";"-0.0690868303484128";"0.420900289344136";"303";"230";"263";"349";"125";"88";"102";"107"
"50";"Mary_II_of_England";"1798";"247";"0.0148895292987512";"0.0103477167993297";"348";"155";"62";"11";"4";"2";"131";"37";"0.147646496239047";"0.0241935483870968";"0.28564309976829";"0.280422499578344";"133.827586206897";"579.685950413223";"151.223349537809";"200.036363636364";"10.3333333333333";"3.80165289256198";"7.93548387096774";"1.36363636363636";"663.832585942572";"777.453020156822";"788.695539088831";"659.475438925101";"19.9134534725318";"9.5486646838801";"13.3966853837144";"0.674199862463242";"63";"15.1417004048583";"15.8440110105285";"0";"0";"0";"1182";"616";"35";"212";"-0.117946145479287";"0.763715738128508";"41";"51";"89";"167";"29";"12";"32";"47"
"51";"Mary_Martha_Sherwood";"348";"225";"0.0398078242964997";"0.0730519480519481";"94";"56";"14";"0";"12";"1";"16";"1";"0.187254130605822";"0";"0.943346051566655";"3.42446280991736";"18.7765957446809";"46.8";"3.11677067956369";"NaN";"7.40425531914894";"40.4";"6.57142857142857";"NaN";"115.159073640713";"107.727846394927";"10.0678083888638";NA;"19.6497936452193";"118.650935286851";"11.0364033000882";NA;"17";"4.24";"4.26731765867037";"0";"0";"0";"299";"49";"46";"179";"-0.1044417541598";"0.0806978827556003";"10";"6";"8";"70";"2";"1";"0";"7"
"52";"Maurice_Leyland";"145";"182";"0.0488215488215488";"0.0919191919191919";"55";"45";"11";"2";"7";"3";"6";"1";"0.173553719008264";"0";"0.836762688614541";"3.27634297520661";"27.8";"9.1";"0.727272727272727";"0";"5.27272727272727";"16.95";"3.18181818181818";"1";"105.131446518615";"13.3688561885254";"1.42062726222673";"0";"12.8285771063041";"64.3276767806828";"1.53741222957161";"0";"22";"6.42307692307692";"5.79408303487658";"0";"0";"0";"140";"5";"25";"157";"0.058232903754737";"0.741868033642229";"3";"3";"7";"42";"3";"0";"3";"14"
"53";"Nigel_Kneale";"351";"176";"0.0168103448275862";"0.0258595357037908";"145";"83";"22";"9";"13";"4";"40";"8";"0.109261700725115";"0.0229709035222052";"0.587938850308642";"0.979848304580607";"26.9379310344828";"95.4137931034483";"11.1510264987538";"20.5555555555556";"4.84137931034483";"5.63793103448276";"5.59090909090909";"1.55555555555556";"215.49200131763";"190.040949833003";"26.1337766420492";"48.777841052857";"14.6485095288778";"21.1574699809585";"5.51758307084931";"1.0137937550497";"19";"5.63068181818182";"4.9158602317582";"0";"0";"0";"319";"32";"25";"151";"-0.0282127451334057";"0.592902701934805";"15";"14";"21";"95";"19";"3";"5";"31"
"54";"Nikki_and_Paulo";"12";"35";"0.214285714285714";"0.0402298850574713";"8";"30";"1";"1";"0";"0";"4";"12";"0.24";"0.046875";"0.73469387755102";"0.118906064209275";"1.75";"26.1818181818182";"0";"0";"3";"2.81818181818182";"2";"1";"4.94974746830583";"28.8384438580837";NA;NA;"3.70328039909021";"1.91824234122117";NA;NA;"20";"6.4";"6.58072050408929";"0";"0";"0";"12";"0";"8";"27";"-0.397826464622148";"-0.252570592567897";"1";"0";"6";"1";"4";"7";"9";"2"
"55";"North_Road_(Manchester)";"68";"51";"0.0968660968660969";"0.11038961038961";"27";"22";"7";"2";"1";"0";"3";"1";"0.137614678899083";"0";"1.11760355029586";"1.20634920634921";"9.07407407407407";"9.90909090909091";"3.85714285714286";"0";"5.03703703703704";"8.27272727272727";"5";"1";"36.7954589393151";"25.3631801848843";"10.2050407712491";"0";"11.6205437496288";"15.3498593419673";"5.35412613473634";"0";"10";"3.17647058823529";"2.74011592713112";"0";"0";"0";"67";"1";"11";"40";"-0.151486131914108";"0.154692822854874";"3";"1";"3";"20";"0";"1";"2";"8"
"56";"Nyon_Conference";"10";"50";"0.238095238095238";"0.208333333333333";"7";"16";"2";"1";"0";"0";"1";"0";"0";"0.038961038961039";"0.791666666666667";"2.19555555555556";"0";"13";"0";"0";"2.85714285714286";"22";"6";"1";"0";"16.062378404209";"0";NA;"3.76069902316805";"31.0161248385416";"7.07106781186548";NA;"11";"3.4";"3.24509048331444";"0";"0";"0";"10";"0";"12";"38";"-0.393178549746392";"0.286462947928887";"1";"0";"1";"5";"0";"0";"0";"4"
"57";"Oliver_Bosbyshell";"86";"5";"0.0476190476190476";"0.166666666666667";"43";"6";"6";"1";"6";"0";"9";"0";"0.0910714285714286";"0";"0.853174603174603";"0.4";"3";"0";"0";"0";"4";"5";"2.66666666666667";"1";"18.6100331362771";NA;"0";NA;"11.0905365064094";NA;"1.03279555898864";NA;"0";"0";"0";"0";"0";"0";"76";"10";"5";"0";"-0.00223139972974662";"NaN";"10";"2";"2";"29";"0";"0";"0";"1"
"58";"Order_of_St_Patrick";"920";"152";"0.0948258091115234";"0.0111995284409078";"99";"117";"24";"14";"0";"3";"38";"20";"0.165161858621449";"0.0216216216216216";"0.522698875468555";"0.140866527942925";"10.3838383838384";"98.3506493506493";"0";"0";"18.5858585858586";"3.42857142857143";"13.7916666666667";"1";"49.3981719904778";"146.534419006321";"0";"0";"21.4180974883535";"6.31920333800612";"17.9951180980376";"0";"49";"3.90789473684211";"4.73727680899114";"0";"0";"0";"506";"414";"40";"112";"-0.167431813375874";"0.349799085485701";"10";"14";"29";"46";"18";"5";"14";"40"
"59";"Pain_fitzJohn";"166";"176";"0.0353793691389599";"0.216748768472906";"69";"29";"15";"2";"6";"0";"13";"0";"0.0967741935483871";"0.0209059233449477";"0.904195501730104";"5.3609693877551";"31.0289855072464";"40.1176470588235";"1.86666666666667";"0";"4.81159420289855";"20";"1.93333333333333";"1";"174.664904715304";"94.4919853432959";"7.22956891292051";"0";"15.7071315409489";"72.6782292024235";"2.01659779496722";"0";"52";"13.8352272727273";"12.0741096308019";"0";"0";"0";"150";"16";"12";"164";"-0.165397106410173";"0.167621544574668";"9";"4";"3";"53";"7";"0";"1";"9"
"60";"Paraceratherium";"1174";"337";"0.0153560403913567";"0.0314600448095594";"277";"104";"9";"4";"12";"2";"138";"36";"0.131418374395579";"0.0417391304347826";"0.904576244486452";"1.9337355075879";"266.823104693141";"269.513157894737";"0";"0";"8.47653429602888";"8.5";"1.33333333333333";"1.25";"1676.27934506344";"442.981128068185";"0";"0";"32.6315119256536";"45.7122886468544";"0.707106781186548";"0.5";"22";"12.6706231454006";"12.0154215352628";"0";"0";"0";"933";"241";"28";"309";"0.0829321480876916";"0.665980727558661";"62";"63";"71";"81";"18";"17";"18";"23"
"61";"Peter_Warlock";"41";"53";"0.0276653171390014";"0.0293466223698782";"39";"43";"3";"2";"0";"0";"17";"15";"0.138461538461538";"0";"0.133656509695291";"0.0430839002267574";"0.564102564102564";"61.4615384615385";"0";"125";"2.1025641025641";"2.61538461538462";"1";"2";"1.80343052913449";"43.7636271431967";"0";"7.07106781186548";"2.11255484880364";"1.26938411538378";"0";"0";"46";"8.47169811320755";"5.9245375463306";"0";"0";"0";"41";"0";"4";"49";"-0.232764990663336";"0.318556321101032";"12";"2";"10";"15";"14";"4";"7";"14"
"62";"Planescape._Torment";"3202";"958";"0.00927696461889696";"0.00418410041841004";"588";"479";"36";"12";"9";"3";"356";"158";"0.135250498504487";"0.0213329615170106";"0.442071109124733";"0.231655170602756";"657.171768707483";"1759.97445255474";"23.2578237585644";"0";"10.891156462585";"6.24452554744526";"5";"1";"4506.08564838842";"5057.33805873099";"131.50932010056";"0";"41.4581136294589";"20.0190949860323";"7.19126454208755";"0";"21";"7.20146137787056";"9.26810228203218";"0";"0";"0";"2694";"508";"205";"753";"0.069832453131191";"0.335153721631735";"167";"166";"111";"144";"86";"75";"49";"64"
"63";"Ranavalona_I";"134";"319";"0.0163614163614164";"0.0166301741215723";"91";"139";"9";"6";"1";"3";"36";"29";"0.186895810955961";"0.0109729334308705";"0.180061728395062";"1.03063957151859";"26.4285714285714";"114.333333333333";"16.7777777777778";"0";"2.94505494505495";"7.16049382716049";"2.55555555555556";"1";"99.1396570838428";"256.129508257053";"50.3333333333333";"0";"4.41805044325772";"31.9966626346106";"3.32080980752855";"0";"44";"4.12225705329154";"4.05552343864374";"0";"0";"0";"129";"5";"58";"261";"-0.14944903212906";"0.567631378619912";"21";"10";"20";"40";"28";"14";"12";"27"
"64";"Red_rail";"240";"212";"0.0237623762376238";"0.0769230769230769";"101";"53";"10";"1";"10";"4";"17";"4";"0.0839160839160839";"0.0354609929078014";"0.885";"2.65588017751479";"16.6930693069307";"63.1621621621622";"10.6";"45.2";"4.75247524752475";"11.027027027027";"4";"12";"132.694259616573";"122.254167078406";"25.0475104107729";NA;"18.0324185513724";"45.4144412216144";"3.8873012632302";NA;"28";"11.9339622641509";"10.901775035195";"0";"0";"0";"217";"23";"16";"196";"0.0319387213725087";"0.486576038808523";"11";"6";"13";"71";"8";"1";"3";"25"
"65";"Rhyolite,_Nevada";"312";"207";"0.0191929133858268";"0.0247252747252747";"128";"92";"17";"6";"13";"3";"37";"14";"0.0913937547600914";"0.0121951219512195";"0.714737429474859";"1.07487018476029";"40.5234375";"171.240740740741";"3.11764705882353";"0";"4.875";"6.96296296296296";"2.47058823529412";"1";"281.718836765626";"284.857788761882";"12.8543881269256";"0";"17.1179327620844";"26.7616756131085";"1.80684971216561";"0";"29";"5.45893719806763";"5.9851762536536";"0";"0";"0";"286";"26";"38";"169";"-0.0687468645352432";"0.541150789528278";"20";"24";"12";"72";"17";"7";"5";"25"
"66";"Robert_Hues";"291";"95";"0.0407563025210084";"0.0957661290322581";"85";"32";"17";"3";"13";"3";"15";"3";"0.153325123152709";"0.0889830508474576";"0.795989229024943";"1.88241415192508";"23";"47.1304347826087";"11.1763432645786";"53.6666666666667";"6.84705882352941";"7.8695652173913";"5.29411764705882";"2.66666666666667";"120.346203278057";"83.5810923821365";"39.4142658381653";"31.8799832705937";"15.8838836278676";"24.3129302445242";"4.74031520421312";"1.15470053837925";"22";"6.85263157894737";"5.39891324969346";"0";"0";"0";"221";"70";"9";"86";"-0.199231814378145";"0.434714978910191";"12";"9";"3";"61";"9";"1";"0";"13"
"67";"Rugby_World_Cup";"5072";"416";"0.010515622084465";"0.00701612359171558";"695";"244";"65";"11";"17";"5";"245";"43";"0.125134986225895";"0.0254476908576814";"0.550074122366268";"0.356585208894308";"741.543884892087";"681.808139534884";"247.227736500946";"264.5";"14.5956834532374";"4.41860465116279";"7.75384615384615";"2.36363636363636";"5064.67056011664";"1397.04469662384";"863.59990177506";"324.21636294302";"42.9007867405064";"13.895992199595";"21.305831632172";"2.90767010758536";"49";"6.06490384615385";"6.04187148779826";"0";"0";"0";"3284";"1788";"73";"343";"-0.104878103333106";"0.526893816653461";"92";"158";"199";"246";"34";"32";"42";"63"
"68";"Say_Hello_to_My_Little_Friend";"110";"94";"0.126436781609195";"0.0837789661319073";"30";"34";"6";"0";"3";"1";"4";"2";"0.132467532467532";"0";"1.84898929845422";"2.17722681359045";"15.7333333333333";"25.1666666666667";"8.66666666666667";"NaN";"7.33333333333333";"13.8333333333333";"3.66666666666667";"NaN";"72.9586732602576";"87.1798906476335";"21.2289111041209";NA;"19.9816007320758";"41.3297896819173";"3.77712412645741";NA;"40";"4.30851063829787";"5.38621617090055";"0";"0";"0";"110";"0";"22";"72";"-0.325860194674509";"-0.21128319496517";"3";"1";"2";"24";"6";"0";"1";"5"
"69";"Sherman_Minton";"656";"492";"0.0314176245210728";"0.0280246069719754";"145";"133";"34";"11";"5";"1";"27";"10";"0.129422972237344";"0.0269266480965645";"1.2095630787037";"1.58617424242424";"70.2206896551724";"342.133333333333";"45.8405823204409";"0";"9.04827586206897";"12.3466666666667";"8.91176470588235";"1.09090909090909";"455.458967445525";"754.934479372372";"178.006510933514";"0";"31.3960655343067";"54.7760781613538";"21.2793364658724";"0.301511344577764";"12";"9.71138211382114";"10.4215639143021";"0";"0";"0";"602";"54";"58";"434";"0.0401503052518901";"0.207880192123888";"11";"13";"28";"93";"14";"5";"15";"41"
"70";"Singapore_strategy";"163";"168";"0.0693027210884354";"0.133333333333333";"49";"36";"13";"5";"6";"3";"4";"2";"0.128614157527418";"0.0402298850574713";"1.49240451388889";"3.62448979591837";"36.3469387755102";"51.9090909090909";"16.6333333333333";"13.8";"6.6530612244898";"14.6363636363636";"3.30769230769231";"2";"158.897029156953";"138.267824680912";"41.1995415292722";"30.8577380894971";"20.9339745991297";"53.9696082505572";"2.83973635468199";"1.73205080756888";"10";"11.1011904761905";"10.0612732857808";"0";"0";"0";"160";"3";"14";"154";"-0.102326709095489";"0.11840229107";"1";"1";"8";"39";"7";"0";"2";"13"
"71";"SMS_Schwaben";"26";"72";"0.288888888888889";"0.0886699507389163";"10";"29";"2";"2";"2";"1";"1";"0";"0.0789473684210526";"0";"1.83950617283951";"1.60969387755102";"3.2";"59.4615384615385";"0";"0";"5.2";"9.84615384615385";"1.5";"1";"10.1192885125388";"63.9721493889012";"0";"0";"10.507140429251";"24.9594543004121";"0.707106781186548";"0";"16";"3.05555555555556";"2.90162115390927";"0";"0";"0";"24";"2";"16";"56";"-0.289312952010225";"0.40265178704986";"0";"0";"2";"8";"4";"0";"1";"8"
"72";"South_Carolina-class_battleship";"141";"88";"0.0398305084745763";"0.0296296296296296";"60";"55";"9";"3";"0";"0";"11";"2";"0.257220216606498";"0.0119047619047619";"0.166331513932778";"0.422496570644719";"25.5833333333333";"19.8461538461538";"17.3154761904762";"0";"4.7";"5.65384615384615";"5.11111111111111";"1";"70.2582481649037";"32.3860368772622";"49.2389800423632";"0";"5.66074798914509";"10.7403624061474";"5.92546294487706";"0";"31";"2.59090909090909";"2.77772901385271";"0";"0";"0";"141";"0";"29";"59";"-0.344286427324704";"0.29527439720348";"4";"6";"14";"36";"10";"1";"3";"12"
"73";"Stephen_Trigg";"230";"101";"0.0287141073657928";"0.0412244897959184";"90";"50";"16";"4";"8";"2";"20";"4";"0.207439824945295";"0";"0.516348945840172";"1.21782590587255";"22.5888888888889";"54.2";"1.27083333333333";"0";"5.11111111111111";"6.06666666666667";"4.625";"1";"97.4762220851303";"87.4553679273625";"5.08333333333333";"0";"11.2234149747472";"21.7270423163414";"7.01308301200929";"0";"13";"3.85148514851485";"3.83767153001364";"0";"0";"0";"202";"28";"20";"81";"0.00267699633557527";"0.450460950173375";"9";"10";"10";"61";"9";"0";"4";"17"
"74";"Sunderland_A.F.C.";"653";"367";"0.0216929107700485";"0.00715371720400764";"174";"227";"31";"8";"0";"0";"97";"86";"0.17235232152986";"0.0364546104360257";"0.315379732032477";"0.13058970945258";"179.522988505747";"606.562091503268";"75.8858839720509";"0";"7.50574712643678";"4.31372549019608";"6.19354838709677";"1";"590.184795588544";"1210.92797673184";"378.729931391479";"0";"13.9494326759882";"7.05007520325259";"14.4231743035036";"0";"9";"6.9291553133515";"7.97882409782347";"0";"0";"0";"530";"123";"74";"293";"-0.224454416560692";"0.357394022520383";"26";"45";"52";"51";"34";"45";"43";"31"
"75";"The_Adventures_of_Tintin";"378";"220";"0.0315262718932444";"0.013118664281455";"110";"130";"30";"19";"0";"0";"38";"35";"0.2787807043504";"0.0628019323671498";"0.171871054625032";"0.0805240069707349";"82.2727272727273";"207.289473684211";"46.2595380783585";"0";"6.87272727272727";"5.07894736842105";"4.53333333333333";"1";"215.373689703576";"299.148495069813";"123.403429767208";"0";"7.70095798986299";"4.89561207040138";"5.0222493472295";"0";"33";"3.48636363636364";"3.4369461137216";"0";"0";"0";"339";"39";"54";"166";"-0.10032068709084";"-0.00476036220008527";"10";"18";"40";"42";"13";"11";"29";"23"
"76";"The_Fade_Out";"23";"38";"0.174242424242424";"0.180952380952381";"12";"15";"5";"2";"2";"2";"0";"0";"0.1";"0.09";"1.19834710743802";"1.26020408163265";"3.91666666666667";"12.75";"2";"0";"3.83333333333333";"8.625";"2";"1";"10.8078955426395";"28.2425717161674";"4.47213595499958";"0";"7.66139476185438";"13.1250850337381";"1.22474487139159";"0";"15";"2.97368421052632";"2.42160145922312";"0";"0";"0";"23";"0";"7";"31";"-0.211082886058785";"-0.287720490541609";"0";"0";"1";"11";"3";"0";"0";"5"
"77";"The_Kinks";"4908";"755";"0.00670601737989834";"0.00485124975904389";"856";"395";"64";"11";"10";"1";"451";"125";"0.0862184904494484";"0.00369747899159664";"0.547149550288978";"0.418797830400165";"813.426401869159";"977.701680672269";"32.115161993864";"0";"11.4672897196262";"5.68067226890756";"4.9375";"1";"8492.57622355453";"2614.34406944515";"152.578165493032";"0";"49.4822678867783";"24.3379624889091";"8.77202443558";"0";"38";"6.18940397350993";"7.37602353026903";"0";"0";"0";"3825";"1083";"158";"597";"0.09211873979299";"0.313042675871654";"211";"196";"225";"224";"79";"54";"64";"41"
"78";"Thief_II";"596";"135";"0.018705668194087";"0.0116822429906542";"179";"108";"7";"3";"4";"1";"99";"34";"0.158652764233741";"0.0384615384615385";"0.229768968564575";"0.129705651148572";"21.6983240223464";"20.6764705882353";"0";"0";"6.65921787709497";"3.38235294117647";"1.57142857142857";"1";"70.8490246894425";"32.0420391661407";"0";"0";"11.7650721621396";"4.86237277549775";"0.975900072948533";"0";"42";"2.81481481481481";"3.43638387076321";"0";"0";"0";"500";"96";"40";"95";"-0.331907510587868";"0.595843615143554";"38";"48";"46";"47";"17";"14";"22";"15"
"79";"Thierry_Henry";"3468";"237";"0.0240799888904319";"0.00824921684650191";"380";"170";"63";"5";"1";"0";"223";"94";"0.175824501154598";"0.0123456790123457";"0.563153974143873";"0.0869367319071461";"164.944736842105";"723.941605839416";"0";"0";"18.2526315789474";"3.21897810218978";"7.79365079365079";"1";"1281.00892179002";"968.531831345648";"0";"0";"36.62697030166";"4.09934594579922";"16.6143726451593";"0";"6";"10.8607594936709";"10.4151952761849";"0";"0";"0";"2045";"1423";"33";"204";"-0.0230778977924869";"0.365818733377025";"81";"84";"114";"101";"40";"48";"34";"15"
"80";"Toronto_Raptors";"1772";"412";"0.0187402174372858";"0.00724306458985268";"308";"239";"37";"8";"0";"0";"194";"109";"0.111993953248286";"0.0247797356828194";"0.507336947872126";"0.150951557093426";"122.340909090909";"585.522012578616";"0";"0";"11.5064935064935";"4.67924528301887";"4.37837837837838";"1";"548.424127067269";"1014.61095279041";"0";"0";"25.929432361373";"8.34184264220463";"6.75504482817328";"0";"20";"6.07766990291262";"7.93058610805604";"0";"0";"0";"1142";"630";"80";"332";"-0.250827262638573";"0.319148622047711";"69";"98";"64";"77";"43";"61";"30";"25"
"81";"Tosca";"59";"44";"0.0634408602150538";"0.0443548387096774";"31";"32";"8";"0";"0";"0";"11";"6";"0.335766423357664";"0.0652173913043478";"0.261666666666667";"0.420395421436004";"3.7741935483871";"10";"4.5625";"NaN";"3.80645161290323";"5";"4.75";"NaN";"7.84733363387146";"15.7919161403743";"8.43224042419502";NA;"4.26942115388577";"7.18973627418334";"6.71352579286239";NA;"8";"1.47727272727273";"1.78480194150547";"0";"0";"0";"59";"0";"18";"26";"-0.311818475755921";"0.0996425646403581";"5";"2";"11";"13";"4";"2";"5";"3"
"82";"Tower_of_London";"257";"42";"0.0386931647094249";"0.0333333333333333";"82";"36";"26";"5";"0";"0";"24";"5";"0.2025";"0";"0.217040085352843";"0.274285714285714";"7.10975609756098";"57.1923076923077";"0.967948717948718";"4.2";"6.26829268292683";"2.84615384615385";"6.73076923076923";"5.2";"21.8918884563824";"46.2981807251812";"3.93954854457243";"9.39148550549912";"8.44305365811286";"3.82300727378129";"9.1850212511793";"8.84307638777366";"24";"5.45238095238095";"6.35994470351932";"0";"0";"0";"175";"82";"10";"32";"-0.104155599190734";"0.579700871798161";"8";"9";"18";"47";"8";"2";"5";"11"
"83";"Trait_du_Nord";"67";"56";"0.0531746031746032";"0.064367816091954";"36";"30";"6";"1";"6";"1";"3";"1";"0.0636942675159236";"0";"0.812244897959184";"1.21759809750297";"10.8888888888889";"25";"0";"0";"3.72222222222222";"6.46666666666667";"1.33333333333333";"1";"51.5731411578632";"37.7907774085538";"0";NA;"9.62024980700638";"18.1378320750015";"0.516397779494322";NA;"38";"2.14285714285714";"2.10132920209671";"0";"0";"0";"65";"2";"15";"41";"-0.33790021955888";"0.34798052235378";"1";"1";"3";"31";"6";"0";"0";"9"
"84";"Troy_McClure";"189";"127";"0.00905172413793103";"0.0111973196967025";"145";"107";"18";"2";"1";"0";"69";"47";"0.17910447761194";"0.0275229357798165";"0.0643084490740741";"0.088688145247419";"6.29655172413793";"161.113636363636";"0.611111111111111";"0";"2.60689655172414";"2.67045454545455";"1.5";"1";"23.3482009425826";"186.029702350834";"2.59272486435067";"0";"3.15193184087187";"2.36702243194112";"0.857492925712544";"0";"9";"7.34645669291339";"6.75110567400054";"0";"0";"0";"184";"5";"19";"108";"0.0578775330679459";"-0.104280983537183";"22";"34";"41";"48";"17";"25";"31";"15"
"85";"U.S._Route_131";"377";"384";"0.0758551307847082";"0.0236220472440945";"71";"128";"11";"9";"2";"3";"14";"17";"0.213534361851332";"0.0383858267716535";"1.76326530612245";"1.67053134106268";"44.830985915493";"190.328358208955";"195.031617665128";"0";"10.6197183098592";"10.5522388059701";"27.3636363636364";"1";"244.266199427501";"566.917704353155";"609.889703748089";"0";"30.523698613739";"51.8246704975973";"75.298436540572";"0";"58";"7.671875";"8.38011077059338";"0";"0";"0";"368";"9";"61";"323";"-0.0148290498967886";"0.491590049496991";"4";"4";"21";"42";"4";"11";"19";"33"
"86";"Victoria_Cross_(Canada)";"23";"34";"0.0845588235294118";"0.111111111111111";"17";"18";"5";"2";"0";"0";"5";"2";"0.154639175257732";"0.107142857142857";"0.474609375";"1.19031141868512";"0.176470588235294";"4.88888888888889";"0.2";"0";"2.70588235294118";"6.55555555555556";"1.4";"1";"0.528594139870924";"9.85449699939632";"0.447213595499958";"0";"3.80402263864112";"13.38946517893";"0.894427190999916";"0";"20";"2.44117647058824";"2.51289012011931";"0";"0";"0";"22";"1";"9";"25";"-0.440158081913282";"0.371730760345387";"2";"0";"4";"11";"2";"0";"1";"6"
"87";"Villa_Park";"1932";"436";"0.0100477423783818";"0.00974693731556827";"439";"212";"38";"7";"16";"4";"173";"48";"0.0832382911096569";"0.0251603354711396";"0.639811513521403";"0.309247321488736";"201.553530751709";"796.425675675676";"6.42954878905691";"0";"8.80182232346241";"5.45945945945946";"3.94736842105263";"1";"1988.68891801714";"1455.90841434218";"29.6366749949081";"0";"31.2216175600216";"15.9418067491397";"2.77972746497141";"0";"7";"13.3050458715596";"14.3082990867717";"0";"0";"0";"1471";"461";"65";"371";"-0.0882661793019329";"0.462087392543981";"91";"80";"79";"189";"42";"26";"28";"51"
"88";"Waiting_(2015_film)";"250";"186";"0.046279155868197";"0.0824468085106383";"74";"48";"7";"1";"4";"0";"22";"3";"0.136432541687721";"0.0110091743119266";"1.25145430662413";"2.86011770031689";"31.3783783783784";"70.6";"0";"0";"6.75675675675676";"13.96";"3.14285714285714";"1";"179.183139360835";"173.891249540242";"0";NA;"22.3323653642408";"53.6318313442058";"1.3451854182691";NA;"23";"5.2258064516129";"4.40056269684037";"0";"0";"0";"230";"20";"23";"163";"0.0436677683048211";"0.286570091283515";"17";"8";"6";"43";"8";"4";"2";"11"
"89";"War_of_the_League_of_Cambrai";"636";"118";"0.0351575456053068";"0.0412299091544375";"135";"54";"24";"4";"2";"0";"43";"6";"0.0883894258763247";"0.00818926296633303";"1.26150033415014";"1.47668209327163";"39.2148148148148";"48.5714285714286";"15.8726602564103";"0";"9.42222222222222";"14";"5.79166666666667";"1";"382.455201552319";"141.509289874832";"53.6307860279981";"0";"30.7239676645893";"41.4821555704285";"4.77292332867911";"0";"39";"2.07627118644068";"2.10069902757673";"0";"0";"0";"449";"187";"40";"78";"-0.0249606988897234";"0.00316909255665781";"18";"17";"28";"72";"3";"2";"3";"6"
"90";"Water_pipit";"146";"88";"0.0160087719298246";"0.0390070921985816";"96";"48";"12";"1";"5";"1";"13";"6";"0.07981220657277";"0";"0.324210526315789";"1.00316885468538";"20.3020833333333";"68.7714285714286";"0.194444444444444";"0";"3.04166666666667";"4.65714285714286";"1.41666666666667";"1";"106.138451764582";"54.6400444159914";"0.673575314054563";NA;"7.16264677140579";"15.9003197473267";"0.792961461098759";NA;NA;"5.26136363636364";"5.680161723013";"0";"0";"0";"140";"6";"13";"75";"-0.159148987362923";"0.700772761675471";"2";"7";"21";"66";"3";"2";"9";"21"
"91";"Witold_Pilecki";"766";"500";"0.0290085586609104";"0.00829600132736021";"163";"246";"32";"15";"4";"6";"52";"60";"0.247456487009165";"0.0245649948822927";"0.421105776558451";"0.43838400666389";"140.226993865031";"719.21472392638";"53.6283159381394";"128.866666666667";"9.39877300613497";"5.62576687116564";"3.28125";"15.9333333333333";"656.592882955131";"1619.52367355113";"156.300945257923";"342.684958748383";"18.4967597687266";"19.3381494287336";"3.31404026879967";"55.9074064434945";NA;"8.148";"9.30845802383849";"0";"0";"0";"586";"180";"83";"417";"-0.163098490123242";"0.762144255348425";"24";"22";"24";"93";"57";"22";"27";"57"
