"";"page";"density";"ncontributors";"nanon";"nedits";"transitivity";"nadmins";"nbots";"centralization";"mean_betweenness_admin";"mean_degree_centrality_admins";"mean_betweenness";"mean_degree_centrality";"sd_betweenness";"sd_degree_centrality";"sd_betweenness_admin";"sd_degree_centrality_admins";"degree_assortativity";"nquar1";"nquar2";"nquar3";"nquar4";"mean_degree_anon";"mean_degree_inscrit";"mean_indegree_admin";"mean_outdegree_admin";"mean_indegree_anon";"mean_outdegree_anon";"mean_indegree_inscrit";"mean_outdegree_inscrit";"mean_degree_quar1";"mean_indegree_quar1";"mean_outdegree_quar1";"mean_degree_quar2";"mean_indegree_quar2";"mean_outdegree_quar2";"mean_degree_quar3";"mean_indegree_quar3";"mean_outdegree_quar3";"mean_degree_quar4";"mean_indegree_quar4";"mean_outdegree_quar4";"nadded";"ndeleted";"nrestored";"sd_degree_anon";"sd_degree_inscrit";"sd_indegree_admin";"sd_outdegree_admin";"sd_indegree_anon";"sd_outdegree_anon";"sd_indegree_inscrit";"sd_outdegree_inscrit";"sd_degree_quar1";"sd_indegree_quar1";"sd_outdegree_quar1";"sd_degree_quar2";"sd_indegree_quar2";"sd_outdegree_quar2";"sd_degree_quar3";"sd_indegree_quar3";"sd_outdegree_quar3";"sd_degree_quar4";"sd_indegree_quar4";"sd_outdegree_quar4";"iscontroversial";"isfeatured";"istalk_page"
"1";"2003_Insight_Bowl";"0.121323529411765";"17";"1";"33";"0.087378640776699";"2";"1";"1.033203125";"0";"2";"3.64705882352941";"3.88235294117647";"13.1193615339628";"8.12313326972093";"0";"0";"-0.193732158565118";"0";"0";"1";"16";"5";"4.30769230769231";"1";"1";"4";"1";"2.07692307692308";"2.23076923076923";"NaN";"NaN";"NaN";"NaN";"NaN";"NaN";"5";"4";"1";"3.8125";"1.8125";"2";"0";"33";"0";NA;"9.29502210311712";"0";"0";NA;NA;"6.34378355113017";"3.00427046479524";NA;NA;NA;NA;NA;NA;NA;NA;NA;"8.3842610487349";"5.70635610525666";"2.73252020425589";"0";"0";1
"2";"Aiphanes";"0.0319693094629156";"69";"6";"150";"0.165914221218962";"15";"6";"0.683823529411765";"0.0166666666666667";"2.66666666666667";"8.47826086956522";"4.34782608695652";"49.8922490731043";"11.8381562641323";"0.0645497224367903";"3.90360029179413";"0.104583324932618";"4";"3";"5";"57";"6.33333333333333";"4.92857142857143";"0.6";"2.06666666666667";"4.83333333333333";"1.5";"2.52380952380952";"2.4047619047619";"7.5";"5.75";"1.75";"32.6666666666667";"17";"15.6666666666667";"2.4";"1.6";"0.8";"2.80701754385965";"1.19298245614035";"1.6140350877193";"0";"146";"4";"4.96655480858378";"14.8494770494154";"1.54919333848297";"2.57645012334709";"4.62240918425302";"0.547722557505166";"8.07657889189354";"7.07472148485504";"5.44671154612273";"5.1234753829798";"0.5";"54.8482755730144";"28.5832118559129";"26.2741951985847";"2.60768096208106";"2.50998007960223";"0.836660026534076";"3.77226057884218";"2.74797715531176";"1.90632767724559";"0";"0";1
"3";"Annunciation_(Memling)";"0.438095238095238";"15";"2";"92";"0.326732673267327";"3";"3";"2.89795918367347";"2.66666666666667";"2";"6.06666666666667";"12.2666666666667";"15.9493121492971";"24.7428681403253";"4.61880215351701";"1.73205080756888";"0.0105667711653661";"0";"0";"2";"13";"70.5";"4.42857142857143";"0.333333333333333";"1.66666666666667";"37";"33.5";"2";"2.42857142857143";"NaN";"NaN";"NaN";"NaN";"NaN";"NaN";"70.5";"37";"33.5";"3.30769230769231";"1.38461538461538";"1.92307692307692";"0";"92";"0";"24.7487373415292";"4.19750492781696";"0.577350269189626";"1.15470053837925";"14.142135623731";"10.6066017177982";"2.38047614284762";"1.90237946242268";NA;NA;NA;NA;NA;NA;"24.7487373415292";"14.142135623731";"10.6066017177982";"3.3262745773767";"1.85015591858549";"1.60527975036225";"0";"0";1
"4";"Attalus_I";"0.0797277692438983";"217";"70";"3737";"0.108924371828197";"47";"4";"1.20592206790123";"56.1679438476545";"19.6382978723404";"75.8755760368664";"34.4423963133641";"515.178103734479";"63.584426594428";"170.139094016522";"25.6882865642105";"-0.0159197410170387";"39";"32";"44";"102";"68.5714285714286";"18.1770833333333";"9.76595744680851";"9.87234042553191";"33.2285714285714";"35.3428571428571";"9.89583333333333";"8.28125";"40.7948717948718";"14.3076923076923";"26.4871794871795";"52.3125";"27.125";"25.1875";"53.6363636363636";"30.6363636363636";"23";"18.1274509803922";"9.44117647058824";"8.68627450980392";"0";"2063";"1674";"97.3390267485986";"26.6726727063158";"21.3441904996443";"18.6624675907888";"52.9703694664089";"89.9962778158293";"24.0812131040237";"16.8901734901189";"89.0739431114987";"29.3868515587229";"88.3557021049968";"76.3203932075487";"64.1483914765776";"36.9702910369237";"78.8289555197188";"39.7264430177362";"76.4183711018526";"26.1112136180317";"22.3972123130155";"17.7479494797506";"0";"0";1
"5";"Audioslave";"0.0150432376769519";"402";"233";"2425";"0.0736502154585653";"36";"3";"0.322417149147082";"7.74491959064328";"6.05555555555556";"258.121890547264";"12.0646766169154";"1222.62634542955";"25.6354803230098";"41.0477622113994";"6.24703104085427";"-0.146064460373741";"97";"107";"100";"98";"15.6223175965665";"7.57692307692308";"5.69444444444444";"0.361111111111111";"6.91845493562232";"8.70386266094421";"4.66153846153846";"2.91538461538462";"16.5876288659794";"7.91752577319588";"8.6701030927835";"15.8971962616822";"6.09345794392523";"9.80373831775701";"8.8";"5.43";"3.37";"6.73469387755102";"4.71428571428571";"2.02040816326531";"0";"1521";"904";"29.5111583184268";"20.2610350388807";"6.46228373805353";"0.798311710612833";"10.1143144218071";"28.2661737743743";"5.18876820105174";"20.1775201553205";"34.1433108923865";"11.3941414982042";"32.8118759145363";"29.5034166807588";"9.67737364016332";"28.3600300889801";"15.6289035527969";"5.74764774020247";"15.0377672692606";"16.9167464277011";"5.53712866153867";"16.5504412323758";"0";"0";1
"6";"Baden-Powell_House";"0.0347786811201445";"82";"9";"231";"0.144291754756871";"19";"10";"0.858405730833714";"12.8827751196172";"3";"32.3658536585366";"5.63414634146341";"171.020803614481";"16.3710918021107";"29.7148849766408";"2.49443825784929";"0.0041368703253112";"3";"3";"11";"65";"26.7777777777778";"3.06818181818182";"0.947368421052632";"2.05263157894737";"16.2222222222222";"10.5555555555556";"1.20454545454545";"1.86363636363636";"5";"3.66666666666667";"1.33333333333333";"51";"30";"21";"7.90909090909091";"4.36363636363636";"3.54545454545455";"3.18461538461538";"1.26153846153846";"1.92307692307692";"0";"227";"4";"45.4883990094666";"3.39902672302643";"1.35292621998583";"1.71508614006302";"27.1651328810379";"18.405916923038";"1.50316790215594";"2.89820240270051";"6.08276253029822";"5.5075705472861";"0.577350269189626";"79.6994353806851";"47.6550102297754";"32.0468407179241";"13.0188674273498";"8.50026737547387";"4.65539764925911";"3.09683461221044";"1.42825202473298";"2.56970141935116";"0";"0";1
"7";"BAE_Systems";"0.0186263372148064";"504";"212";"4722";"0.083006404452939";"52";"9";"1.26021603974562";"127.018550262938";"9.11538461538461";"390.956349206349";"18.7380952380952";"4609.0817137208";"69.0641420912909";"688.751348323737";"19.630562252747";"0.0229629899398738";"75";"105";"125";"199";"33.1132075471698";"7.67241379310345";"4.17307692307692";"4.94230769230769";"16.2358490566038";"16.877358490566";"4.36206896551724";"3.31034482758621";"43.8666666666667";"19.08";"24.7866666666667";"26.1428571428571";"11.847619047619";"14.2952380952381";"13.992";"7.904";"6.088";"8.34170854271357";"5.321608040201";"3.02010050251256";"0";"3109";"1613";"103.256118394366";"13.9388123998452";"8.59712937463214";"15.9514133144057";"51.7205491235868";"64.7903220831892";"7.1597680096448";"12.494787687716";"154.054600125474";"76.6201159106547";"81.9763138719718";"61.2638412259486";"19.3911066810282";"60.1779290951687";"32.4252231568912";"27.7763022690555";"16.9115421551234";"15.0515551428301";"9.41077640541216";"11.4574133730947";"0";"0";1
"8";"Barton_Fink";"0.00617606692373047";"429";"190";"1134";"0.0890244826802092";"29";"16";"0.33924087256529";"48.5395985099494";"3.79310344827586";"208.67365967366";"5.28671328671329";"1695.66985659637";"17.1252760579246";"116.905524962525";"5.08765530015566";"-0.0240302778122033";"70";"85";"102";"172";"7.83157894736842";"2.91752577319588";"1.55172413793103";"2.24137931034483";"4.04736842105263";"3.78421052631579";"1.48969072164948";"1.42783505154639";"9.97142857142857";"6.04285714285714";"3.92857142857143";"6.63529411764706";"2.88235294117647";"3.75294117647059";"4.17647058823529";"2.34313725490196";"1.83333333333333";"3.37209302325581";"1.31976744186047";"2.05232558139535";"0";"995";"139";"24.9327784640657";"4.36583557539138";"1.97459230686365";"4.7558623404158";"13.8056375426413";"12.9169411402643";"2.62755366183456";"3.1716765402982";"35.5861768589554";"21.3340822202924";"14.5675054597866";"18.1021223820273";"6.25530587106788";"14.0135188830141";"5.86888382240683";"4.29712106719407";"2.64793337437246";"5.23717372025135";"1.82159365786455";"4.41987078068333";"0";"0";1
"9";"Battle_of_Ceresole";"0.109678878335595";"67";"24";"485";"0.172512526843236";"18";"0";"1.25757575757576";"1.5297619047619";"11.1111111111111";"11.1044776119403";"14.4776119402985";"80.7730251190376";"24.1525192919943";"5.54270025442872";"10.1046808541091";"0.0108181352096695";"5";"19";"10";"33";"22.625";"9.08";"2.66666666666667";"8.44444444444444";"14.0833333333333";"8.54166666666667";"3.96";"5.12";"54.8";"36.4";"18.4";"11.5789473684211";"6.94736842105263";"4.63157894736842";"12.8";"5.2";"7.6";"10.5454545454545";"3.60606060606061";"6.93939393939394";"0";"300";"185";"36.4737100078828";"12.3184144001301";"5.41240405430515";"10.0189363191569";"28.9691239930989";"11.9709037349686";"10.963880091768";"8.07939766731819";"71.3876740060916";"56.3941486326374";"20.0698779268834";"14.0408759993958";"13.18026169109";"6.11201481887919";"15.3318839894733";"14.7029853355629";"10.3085724844261";"10.6421652786537";"7.76586840741022";"9.27341426450971";"0";"0";1
"10";"Battle_of_Hochkirch";"0.0453781512605042";"35";"4";"54";"0.156398104265403";"9";"2";"0.150086505190311";"19.9259259259259";"5.11111111111111";"7.02857142857143";"3.08571428571429";"17.6696947883157";"3.03287311434737";"30.4064036465355";"4.78132942926035";"-0.283396445181877";"1";"2";"5";"27";"3.75";"2.2";"2.66666666666667";"2.44444444444444";"2.5";"1.25";"0.85";"1.35";"2";"1";"1";"3.5";"2";"1.5";"3.4";"2";"1.4";"3.03703703703704";"1.44444444444444";"1.59259259259259";"0";"53";"1";"2.06155281280883";"1.73508683234859";"2.69258240356725";"2.55495161945932";"1.91485421551268";"0.5";"0.988086934168084";"1.46089374230838";NA;NA;NA;"2.12132034355964";"1.4142135623731";"0.707106781186548";"2.40831891575846";"1.87082869338697";"1.51657508881031";"3.29896815431596";"1.90814717488606";"1.92672019563057";"0";"0";1
"11";"Battle_of_the_Nile";"0.00909964936093202";"421";"135";"1609";"0.094481850117096";"41";"14";"0.532641723356009";"306.455424874738";"5.26829268292683";"473.914489311164";"7.6437054631829";"3216.88064937581";"24.8737074715393";"1477.8359054673";"7.1833988829937";"-0.0902661838526514";"71";"46";"89";"215";"12.4148148148148";"5.06060606060606";"2.75609756097561";"2.51219512195122";"6.65185185185185";"5.76296296296296";"2.30735930735931";"2.75324675324675";"12.9718309859155";"7.54929577464789";"5.42253521126761";"11.1304347826087";"4.56521739130435";"6.56521739130435";"6.98876404494382";"4.01123595505618";"2.97752808988764";"5.4093023255814";"2.35348837209302";"3.05581395348837";"0";"1287";"322";"41.5337275614893";"8.90704448008563";"4.07296260604537";"5.18228690454085";"24.1247746934088";"19.8363481410577";"5.25322985086214";"7.19025157234646";"53.8951288100951";"31.6529342952116";"22.670094821045";"22.0167700685457";"10.4299827930252";"18.8734406848625";"11.956829906359";"7.55057851790551";"7.54980061159036";"9.28418950391582";"5.24766743185307";"7.05165528143681";"0";"0";1
"12";"Ben_Crosby";"0.0708502024291498";"39";"0";"105";"0.264875239923225";"11";"9";"0.724030470914127";"4.13636363636364";"3.63636363636364";"11.6923076923077";"5.38461538461539";"43.9837205473728";"10.3125253036127";"8.94452600502371";"3.93122696553448";"-0.0404115858916275";"0";"0";"0";"39";"NaN";"6";"1.81818181818182";"1.81818181818182";"NaN";"NaN";"2.73684210526316";"3.26315789473684";"NaN";"NaN";"NaN";"NaN";"NaN";"NaN";"NaN";"NaN";"NaN";"5.38461538461539";"2.69230769230769";"2.69230769230769";"0";"105";"0";NA;"13.3956875316067";"3.2807981290589";"1.53741222957161";NA;NA;"6.75641345737645";"6.81372883117573";NA;NA;NA;NA;NA;NA;NA;NA;NA;"10.3125253036127";"5.40055477732001";"5.26234811584218";"0";"0";1
"13";"California_condor";"0.0136282008646492";"776";"378";"8196";"0.110557646133344";"70";"23";"0.629763995837669";"78.3053487920553";"5.8";"537.033505154639";"21.1237113402062";"4918.3745776838";"62.3361762486676";"420.713926265664";"10.9446565613717";"-0.0919298247523019";"181";"155";"165";"275";"34.1746031746032";"9.71147540983607";"3.11428571428571";"2.68571428571429";"15.952380952381";"18.2222222222222";"6.17704918032787";"3.5344262295082";"28.6740331491713";"12.3701657458564";"16.3038674033149";"28.0838709677419";"16.8451612903226";"11.2387096774194";"28.1878787878788";"13.3030303030303";"14.8848484848485";"7.99272727272727";"4.18545454545455";"3.80727272727273";"0";"4842";"3354";"82.3541951857719";"32.375500902245";"9.81501785884051";"5.03766352888199";"51.5273135279617";"58.1313643920656";"28.7191733672054";"12.8426571951014";"56.9243049025927";"46.6600113644214";"35.5509249209901";"88.6036669844997";"65.923227872944";"30.5395387472647";"80.1579681140954";"32.2542158791806";"75.1810340364369";"18.3245264081308";"10.5404230268337";"13.4510175794138";"0";"0";1
"14";"Charles_Edward_Magoon";"0.0649740103958417";"123";"53";"975";"0.207335329341317";"26";"0";"0.711300725611395";"0.0574175824175824";"12.5384615384615";"15.9105691056911";"15.8536585365854";"104.714898957324";"25.7528234730343";"0.234084628109241";"18.2433127895802";"-0.168025512341296";"22";"21";"22";"58";"23.1320754716981";"9.04545454545454";"1.46153846153846";"11.0769230769231";"13.9056603773585";"9.22641509433962";"4.54545454545455";"4.5";"13";"9.22727272727273";"3.77272727272727";"26.7142857142857";"18.4285714285714";"8.28571428571429";"26.0454545454545";"10.6818181818182";"15.3636363636364";"9.13793103448276";"2.58620689655172";"6.55172413793103";"0";"576";"399";"34.2418085296149";"12.2833874304008";"2.54920802181021";"18.4410912408633";"25.060898251861";"23.8437554391033";"9.05655241518806";"10.2151278606439";"16.8607744272235";"15.2438334704384";"5.22750799395274";"39.460287450984";"35.9312836238443";"13.7191211713537";"35.3276867986775";"13.3144617531048";"36.0311313206014";"13.2670919563262";"4.65299180403025";"13.315565899383";"0";"0";1
"15";"Common_raven";"0.00627426936439812";"700";"311";"3070";"0.10865614119605";"54";"22";"0.335406599659026";"8.37680687673113";"4.74074074074074";"443.072857142857";"8.77142857142857";"3851.3158629724";"29.6157419709741";"48.8331638865794";"5.9182646142872";"-0.0426821766839692";"142";"140";"164";"254";"14.7170418006431";"3.76038338658147";"2.33333333333333";"2.40740740740741";"7.31832797427653";"7.39871382636656";"2.04153354632588";"1.71884984025559";"14.7464788732394";"6.42957746478873";"8.3169014084507";"11.4714285714286";"5.53571428571429";"5.93571428571429";"9.03658536585366";"5.30487804878049";"3.73170731707317";"3.77165354330709";"2.01574803149606";"1.75590551181102";"0";"2396";"674";"42.4307823317617";"9.76667357256586";"2.87474363089932";"5.62849394554515";"25.0359409733511";"21.5770606600509";"3.17060824055211";"7.48401261535139";"31.8532621039458";"17.77056211363";"21.4109966173048";"38.2754956374157";"19.8919421574536";"20.4032056707861";"38.9044590697263";"24.7079575489903";"15.4415969011821";"5.34455354458684";"2.33713534313917";"5.06279389103799";"0";"0";1
"16";"Common_starling";"0.0115352348993289";"448";"150";"2310";"0.0886944531083277";"46";"21";"0.622964931509592";"15.5264504642282";"5.28260869565217";"238.299107142857";"10.3125";"2136.42278927059";"34.6293331712245";"72.1956688054636";"6.77138765846824";"-0.0091562761154286";"66";"69";"92";"221";"18.8333333333333";"6.22077922077922";"3.1304347826087";"2.15217391304348";"9.18";"9.65333333333333";"3.22077922077922";"3";"16.2121212121212";"7.56060606060606";"8.65151515151515";"18.1159420289855";"8.79710144927536";"9.31884057971014";"12.5108695652174";"6.34782608695652";"6.16304347826087";"5.19909502262443";"2.80542986425339";"2.39366515837104";"0";"1734";"576";"53.0614961282157";"20.4732848471771";"4.00892723612453";"6.01098029093184";"24.6666554809818";"34.036692925788";"8.53273498631575";"13.6681158651933";"34.2782798022373";"17.1788141328689";"28.0781833864725";"69.0124746250918";"29.993911004689";"40.9947962098";"34.3304864244107";"16.6498752809299";"21.0636279259932";"8.48132703462155";"4.17385448855725";"7.89612998742299";"0";"0";1
"17";"Cyclone_Rewa";"0.056184012066365";"52";"11";"149";"0.146437994722955";"9";"7";"1.32218377547097";"3.88888888888889";"2.33333333333333";"12.6346153846154";"5.73076923076923";"80.884917324926";"19.0552503028054";"11.6666666666667";"1.4142135623731";"-0.117635205703974";"1";"9";"7";"35";"18.4545454545455";"2.32";"0.555555555555556";"1.77777777777778";"10.1818181818182";"8.27272727272727";"1.04";"1.28";"5";"3";"2";"3.88888888888889";"1.77777777777778";"2.11111111111111";"25.4285714285714";"14.2857142857143";"11.1428571428571";"2.28571428571429";"0.857142857142857";"1.42857142857143";"0";"134";"15";"40.093300279133";"2.59358182185692";"0.726483157256779";"1.30170827931778";"22.6045047803228";"17.8162336597324";"0.978093383408081";"2.03141986469235";NA;NA;NA;"3.8873012632302";"2.4381231397213";"3.72305131728145";"50.1293564785384";"28.1408024388922";"22.0713129909133";"2.14984853873379";"0.91210348815759";"1.78697434534589";"0";"0";1
"18";"Damon_Hill";"0.024625179708359";"541";"224";"7194";"0.105510187299559";"57";"6";"0.774027777777778";"51.8885843586919";"10.0701754385965";"347.824399260629";"26.5951940850277";"2869.32596942132";"66.6869739557804";"243.297565114009";"13.9474263487708";"-0.194259282700986";"98";"120";"112";"211";"39.0401785714286";"19.8705882352941";"7.03508771929825";"3.03508771929825";"18.46875";"20.5714285714286";"10.4392156862745";"9.43137254901961";"30.1122448979592";"14.765306122449";"15.3469387755102";"31.025";"12.5583333333333";"18.4666666666667";"38.0982142857143";"19.0803571428571";"19.0178571428571";"16.3364928909953";"9.96682464454976";"6.3696682464455";"0";"4282";"2912";"74.0951587409521";"65.861185724869";"10.0870583852364";"8.13055285477628";"36.6998357329445";"55.3842208163916";"14.5264905781227";"65.3336846540198";"44.256022399441";"25.5241147429343";"38.2986371701265";"58.228102964032";"17.9966363959665";"56.2258251817343";"103.740924693401";"36.0527987175309";"95.6799264574254";"52.2272100676567";"23.6857167902748";"33.9628063984831";"0";"0";1
"19";"Death_Valley_National_Park";"0.0353380158033363";"68";"11";"161";"0.0991544965411222";"24";"0";"0.857874805079082";"9.33194444444444";"2.70833333333333";"34.6617647058823";"4.73529411764706";"193.041393562025";"14.3606195008961";"31.8704748701601";"3.80479293462369";"-0.193873543030514";"4";"9";"19";"36";"14.9090909090909";"2.81818181818182";"1.33333333333333";"1.375";"7.54545454545455";"7.36363636363636";"1.39393939393939";"1.42424242424242";"32";"15.25";"16.75";"4.55555555555556";"3";"1.55555555555556";"2.94736842105263";"1.21052631578947";"1.73684210526316";"2.69444444444444";"1.38888888888889";"1.30555555555556";"0";"157";"4";"34.4193391727806";"2.9522718524738";"2.49637418228338";"1.68915981173044";"15.6484097362233";"18.8269632563126";"1.34488368315335";"2.10698693384509";"57.3468976202433";"25.863423336184";"31.5";"4.47524052736585";"3.04138126514911";"1.58989866902824";"3.59743248273491";"1.27274625944674";"2.62132505219016";"3.2673225774932";"2.16831439177701";"1.48938039743175";"0";"0";1
"20";"Deathrow_(video_game)";"0.0363487611033193";"93";"20";"311";"0.22200956937799";"9";"5";"0.435727788279773";"62.0666666666667";"7.77777777777778";"28.2795698924731";"6.68817204301075";"105.948737684426";"11.4597390654561";"161.09776534763";"9.3645311919201";"-0.0807337339207719";"21";"19";"14";"39";"6.85";"6.83050847457627";"3.55555555555556";"4.22222222222222";"3.9";"2.95";"3.27118644067797";"3.5593220338983";"5.90476190476191";"3.0952380952381";"2.80952380952381";"5.63157894736842";"3.10526315789474";"2.52631578947368";"4.5";"2.07142857142857";"2.42857142857143";"8.41025641025641";"4.05128205128205";"4.35897435897436";"0";"267";"44";"6.51536645170477";"13.4320159762141";"2.78886675511359";"7.49629538134967";"5.89290385035032";"3.9266297320516";"7.34807154732727";"9.67269742080802";"6.31589076777585";"5.44889678655012";"3.91942658585472";"7.1430659952758";"4.72457801574919";"4.18155235731409";"4.84767985741633";"1.6391501416323";"4.71844638241617";"16.0946508745803";"8.58992285348826";"11.7349840882703";"0";"0";1
"21";"Dilwale_Dulhania_Le_Jayenge";"0.00483104375560234";"980";"580";"4635";"0.0554556898164702";"53";"20";"1.03504023721857";"25.6464365801254";"2.90566037735849";"1175.1387755102";"9.45918367346939";"13319.3510565731";"68.0617349349576";"129.777409143578";"4.45604235817198";"0.0449096849496707";"285";"302";"175";"218";"13.9103448275862";"3.03975535168196";"1.81132075471698";"1.09433962264151";"6.71034482758621";"7.2";"1.89908256880734";"1.14067278287462";"9.40350877192983";"4.81052631578947";"4.59298245614035";"16.2483443708609";"7.83443708609272";"8.41390728476821";"5.74857142857143";"2.73142857142857";"3.01714285714286";"3.10550458715596";"1.92660550458716";"1.17889908256881";"0";"3577";"1058";"88.1423849857092";"4.80237772793895";"3.44772279234137";"1.88377843445842";"39.3289422170051";"49.9969394572807";"3.81218168731343";"3.08047933286492";"24.8575233383861";"11.7897915410397";"16.4103181605346";"119.652464272793";"53.1523142595303";"67.3046147605876";"10.5544393728985";"6.20454836077921";"7.86705211824599";"5.16661268246207";"4.64640274517656";"2.40201809907713";"0";"0";1
"22";"Distributed_element_filter";"0.0868686868686869";"55";"12";"258";"0.191005558362809";"10";"3";"1.13751714677641";"23.4";"5.1";"22.8";"9.38181818181818";"100.651511015799";"19.0102223077099";"42.140505718634";"4.9766119666563";"-0.084948634940449";"6";"8";"6";"35";"22.5833333333333";"6.1";"2.4";"2.7";"14.8333333333333";"7.75";"1.63333333333333";"4.46666666666667";"35.5";"22.8333333333333";"12.6666666666667";"5.125";"3.5";"1.625";"14.3333333333333";"4.16666666666667";"10.1666666666667";"5.02857142857143";"1.94285714285714";"3.08571428571429";"0";"199";"59";"36.2000962664047";"8.63573170431814";"2.98886823619465";"5.10010893129854";"21.7750204397497";"14.5485082021866";"3.48873392046686";"7.74032581214518";"49.2290564605904";"29.3694852979528";"19.9866622192568";"5.48862460002504";"3.66450152525162";"2.19983765634778";"12.4846572506684";"6.36919670497518";"13.1668776354406";"6.32216322939859";"3.39500374376348";"5.03733956726826";"0";"0";1
"23";"Effects_of_Hurricane_Isabel_in_Maryland_and_Washington,_D.C.";"0.0531770762769272";"122";"35";"785";"0.19252202049254";"23";"7";"0.675500307356055";"9.52712215320911";"6.65217391304348";"27.827868852459";"12.8688524590164";"210.478281612461";"21.77455897388";"39.6462746322735";"8.30995402925789";"-0.262251898099818";"9";"21";"17";"75";"19.3428571428571";"11.9122807017544";"4";"2.65217391304348";"11.4857142857143";"7.85714285714286";"4.35087719298246";"7.56140350877193";"16.3333333333333";"11.4444444444444";"4.88888888888889";"19";"9.14285714285714";"9.85714285714286";"29.1176470588235";"15.2352941176471";"13.8823529411765";"7.05333333333333";"3.08";"3.97333333333333";"0";"474";"311";"17.6150718506205";"27.5151131859218";"7.03885321238158";"6.05736738234879";"12.4152928196768";"16.6806384014219";"18.4308468413207";"16.5454110425343";"12.8646803302686";"11.4903341020955";"9.47951006703992";"20.6082507748717";"11.5381355265299";"20.4310687784211";"44.0807247458302";"33.8665199935067";"22.8524680093343";"10.7425566101614";"5.7463501929956";"9.80068024849976";"0";"0";1
"24";"Ernest_Emerson";"0.213450292397661";"19";"5";"73";"0.190751445086705";"3";"0";"1.82716049382716";"0";"1.66666666666667";"12.7368421052632";"7.68421052631579";"38.9596703390888";"15.871192042254";"0";"1.15470053837925";"-0.244372729725218";"2";"2";"5";"10";"7.8";"9.27272727272727";"0.333333333333333";"1.33333333333333";"6.4";"1.4";"3.63636363636364";"5.63636363636364";"11.5";"9.5";"2";"6.5";"5.5";"1";"15.8";"5.4";"10.4";"3.1";"1.6";"1.5";"0";"73";"0";"8.28854631404084";"20.2982310021879";"0.577350269189626";"0.577350269189626";"7.50333259292163";"0.894427190999916";"6.80106943462169";"13.7497107407591";"13.4350288425444";"12.0208152801713";"1.4142135623731";"6.36396103067893";"6.36396103067893";"0";"30.3100643351346";"9.86407623652616";"20.4646035876584";"2.7264140062238";"2.41292814278051";"0.97182531580755";"0";"0";1
"25";"Ernest_Joyce";"0.0786290322580645";"32";"1";"78";"0.0485175202156334";"10";"1";"1.33402705515088";"4.2";"2.5";"14.84375";"4.875";"64.8930183505526";"14.7467875123867";"9.62404396406325";"2.17306746840088";"-0.310866951287094";"2";"1";"2";"27";"3";"6.3";"1";"1.5";"2";"1";"3.3";"3";"2";"1";"1";"2";"1";"1";"2";"1";"1";"5.40740740740741";"2.7037037037037";"2.7037037037037";"0";"78";"0";NA;"18.6239800144584";"1.88561808316413";"0.707106781186548";NA;NA;"9.95833425089917";"8.71779788708135";"1.4142135623731";"1.4142135623731";"0";NA;NA;NA;"0";"0";"0";"16.0414349522615";"8.64609656174309";"7.47722086799848";"0";"0";1
"26";"Fallout_4._Far_Harbor";"0.141062801932367";"46";"5";"292";"0.263330598851518";"11";"5";"2.59308641975309";"0.0871608946608947";"4.90909090909091";"31.4782608695652";"12.695652173913";"143.312704555006";"36.0313872833842";"0.144354205376438";"4.36931448752651";"-0.104171927533977";"3";"2";"4";"37";"64.8";"5.92";"1.72727272727273";"3.18181818181818";"31";"33.8";"3.36";"2.56";"17";"9.66666666666667";"7.33333333333333";"122";"54.5";"67.5";"12";"5.5";"6.5";"6.51351351351351";"3.56756756756757";"2.94594594594595";"0";"289";"3";"99.8909405301602";"8.7745845105813";"2.64918512342604";"2.27236360726807";"44.6374282413313";"55.359732658314";"6.96347614342147";"2.6153393661244";"24.2487113059643";"13.2790561913614";"10.9696551146029";"168.291413922398";"77.0746391493337";"91.2167747730646";"10.9848380355227";"7.04745817062199";"5.06622805119022";"9.42108044529696";"6.85379270728802";"3.0996948411268";"0";"0";1
"27";"Fauna_of_Scotland";"0.0166560991074477";"203";"47";"683";"0.0879738239288801";"28";"18";"0.863836878737379";"3.85714285714286";"3";"48.8374384236453";"6.72906403940887";"505.911950065937";"26.3577912769797";"20.4100815424983";"3.23178657161089";"-0.189089435143092";"25";"20";"35";"123";"14.2978723404255";"5.02727272727273";"1.25";"1.75";"9.61702127659574";"4.68085106382979";"1.6";"3.42727272727273";"20.48";"14.08";"6.4";"11.4";"5.05";"6.35";"4.57142857142857";"2";"2.57142857142857";"3.78861788617886";"1.30081300813008";"2.48780487804878";"0";"532";"151";"51.6900944566739";"11.05653452925";"2.02986954516057";"2.56218945724449";"35.4796654507837";"16.3681907621203";"2.2307278608093";"10.9999658806052";"70.4917962129873";"48.1818776443315";"22.366269246345";"18.8076132401077";"7.54966015268586";"17.6881613694465";"4.77299828253081";"3.17156483922555";"3.21106280999732";"7.67821277074243";"1.62427769242962";"7.71560676582821";"0";"0";1
"28";"Florence_Nagle";"0.321572580645161";"32";"3";"319";"0.398467432950192";"5";"5";"2.16545265348595";"9.64793010193468";"7.4";"27.375";"19.9375";"59.7439145013312";"36.903481346397";"13.2957369352992";"10.5023806824929";"-0.0978815100462959";"2";"1";"0";"29";"67";"20.4210526315789";"5.2";"2.2";"29.3333333333333";"37.6666666666667";"10.6315789473684";"9.78947368421053";"97";"42.5";"54.5";"7";"3";"4";"NaN";"NaN";"NaN";"15.0689655172414";"7.96551724137931";"7.10344827586207";"0";"314";"5";"58.1033561853358";"38.0355327869344";"7.75886589650833";"2.77488738510232";"23.4591844132172";"42.9224106188519";"19.3855918039828";"19.6654772164839";"36.7695526217005";"7.77817459305202";"44.5477272147525";NA;NA;NA;NA;NA;NA;"31.6982773692411";"16.314942227954";"16.2488347441246";"0";"0";1
"29";"Florida_Atlantic_University";"0.0167811214176141";"374";"216";"2341";"0.0887481258107448";"23";"2";"1.68343048537688";"0";"4.69565217391304";"285.628342245989";"12.5187165775401";"3101.61446563935";"68.3838591750089";"0";"5.32946170408757";"0.062469098475559";"121";"96";"53";"104";"18.7916666666667";"3.84962406015038";"3.04347826086957";"1.65217391304348";"9.34259259259259";"9.44907407407407";"1.89473684210526";"1.95488721804511";"24.7107438016529";"12.1404958677686";"12.5702479338843";"11.8541666666667";"5.26041666666667";"6.59375";"4.28301886792453";"2.75471698113208";"1.52830188679245";"3.14423076923077";"2.125";"1.01923076923077";"0";"1850";"491";"88.9464857404799";"13.0677119096867";"3.3368229428273";"5.02365943811855";"41.1896717776942";"49.1597982764427";"1.92378713422225";"13.1563238980314";"117.785995065665";"54.2686689513578";"64.8256413319967";"21.9774904781983";"9.34062411040771";"18.9117496894335";"5.70552147717982";"5.29479301686448";"1.95727217541409";"3.28698010908047";"2.2584791686752";"2.89620028685316";"0";"0";1
"30";"Georges_Bizet";"0.0237116779083099";"367";"167";"3185";"0.118753667409928";"43";"4";"0.406357311355968";"23.5788376472649";"8.55813953488372";"89.2261580381471";"17.3569482288828";"629.497939532901";"31.2422335609086";"88.4155642085527";"12.3833650430564";"-0.0686866366358252";"76";"64";"82";"145";"27.4790419161677";"8.79084967320262";"6.2093023255814";"2.34883720930233";"11.3892215568862";"16.0898203592814";"6.36601307189542";"2.42483660130719";"24.5657894736842";"6.13157894736842";"18.4342105263158";"31.03125";"13.703125";"17.328125";"15.9146341463415";"11.8292682926829";"4.08536585365854";"8.35862068965517";"6.01379310344828";"2.3448275862069";"0";"1849";"1336";"41.978169645512";"13.0614204891489";"10.4825436288256";"7.71480864475906";"25.1998877171435";"33.4422405046004";"11.2862000236356";"7.89711207245834";"41.5763828878257";"13.3450036645562";"41.3935052961422";"46.3382898171113";"31.5789158551604";"28.3162719989873";"23.0625564843296";"21.2636622039147";"10.7545008889614";"12.1944180434174";"10.3467562059166";"6.82965277947002";"0";"0";1
"31";"Globular_cluster";"0.0411286222674123";"281";"99";"3236";"0.103226952358654";"32";"5";"0.47484693877551";"8.43139619883041";"19.71875";"77.0462633451958";"23.0320284697509";"626.344037985331";"38.2682594952944";"42.5417141030374";"41.5352430026637";"-0.169996848523616";"46";"48";"72";"115";"38.1919191919192";"13.351724137931";"6.40625";"13.3125";"19";"19.1919191919192";"7.73793103448276";"5.61379310344828";"29.3913043478261";"21.1739130434783";"8.21739130434783";"39.7916666666667";"17.2083333333333";"22.5833333333333";"20.7083333333333";"10.1388888888889";"10.5694444444444";"14.9478260869565";"6.13913043478261";"8.80869565217391";"0";"1821";"1415";"48.8466314439591";"23.5886422276822";"10.3483187819521";"42.1314666712538";"25.4794835432874";"44.1635819975073";"13.0240273094125";"21.4029418431259";"44.8337562611376";"32.4559902690986";"19.8907159174864";"50.984335655861";"19.2839458455962";"53.4140125583976";"30.0771016265451";"13.9448668485612";"29.6305069233059";"31.0556499586702";"10.3702399408213";"30.8280163226409";"0";"0";1
"32";"Gobrecht_dollar";"0.0427450980392157";"51";"7";"109";"0.186305732484076";"11";"3";"0.5888";"5.93181818181818";"2.18181818181818";"17.5294117647059";"4.27450980392157";"60.7674446613728";"9.23055454752866";"14.1439434516558";"1.53741222957161";"0.0104685115561724";"4";"4";"11";"32";"2.85714285714286";"5.46666666666667";"0.727272727272727";"1.45454545454545";"1.57142857142857";"1.28571428571429";"2.86666666666667";"2.6";"2.75";"1";"1.75";"2";"1";"1";"4";"2.27272727272727";"1.72727272727273";"4.84375";"2.375";"2.46875";"0";"103";"6";"1.67616341969505";"11.9011252244985";"1.00904995821903";"1.12815214963553";"1.51185789203691";"0.487950036474267";"6.55866540951915";"5.66659905301109";"0.957427107756338";"0.816496580927726";"0.957427107756338";"1.4142135623731";"1.4142135623731";"0";"6.16441400296898";"3.40854541090211";"2.86673713796396";"11.1155496287132";"6.16310562685258";"5.29140736812843";"0";"0";1
"33";"Harvey_Kurtzman's_Jungle_Book";"0.103368176538908";"42";"7";"178";"0.214285714285714";"6";"6";"1.51814396192742";"0";"2.83333333333333";"15.7142857142857";"8.47619047619048";"90.6821247114093";"19.8214445281454";"0";"2.2286019533929";"-0.11826837758989";"3";"6";"4";"29";"27";"5.52173913043478";"1.16666666666667";"1.66666666666667";"18.5714285714286";"8.42857142857143";"1.69565217391304";"3.82608695652174";"46.6666666666667";"29.3333333333333";"17.3333333333333";"11.6666666666667";"7.5";"4.16666666666667";"5.25";"2.25";"3";"4.31034482758621";"1.24137931034483";"3.06896551724138";"0";"135";"43";"45.5411901469428";"5.35867661085859";"1.47196014438797";"1.75119007154183";"28.1534908602654";"17.4628858139879";"3.12518774139608";"4.6088075159815";"72.2311105641699";"45.6544995956952";"26.5769323537035";"5.04645089807348";"4.18330013267038";"6.30608172058265";"4.42530601578392";"3.20156211871642";"4.69041575982343";"4.25191930003265";"2.68135323529254";"3.45306317929415";"0";"0";1
"34";"Hawksbill_sea_turtle";"0.285714285714286";"7";"0";"12";"0.375";"0";"1";"0.444444444444444";"NaN";"NaN";"0.142857142857143";"3.42857142857143";"0.377964473009227";"2.8784916685157";NA;NA;"-0.537186322130648";"0";"1";"3";"3";"NaN";"3.16666666666667";"NaN";"NaN";"NaN";"NaN";"1.5";"1.66666666666667";"NaN";"NaN";"NaN";"2";"1";"1";"3.33333333333333";"0.666666666666667";"2.66666666666667";"4";"3";"1";"0";"12";"0";NA;"3.06050104830347";NA;NA;NA;NA;"2.25831795812724";"2.65832027165025";NA;NA;NA;NA;NA;NA;"4.04145188432738";"0.577350269189626";"3.78593889720018";"2.64575131106459";"3";"1";"0";"0";1
"35";"Heian_Palace";"0.0293803418803419";"144";"48";"605";"0.147090172671072";"29";"5";"0.544329796078048";"0.689655172413793";"3.48275862068966";"4.70138888888889";"8.40277777777778";"35.4957014932921";"18.0195385194452";"2.30067456374774";"4.19711371620999";"-0.188081308262486";"22";"19";"32";"71";"14.625";"6.25806451612903";"1.06896551724138";"2.41379310344828";"7.89583333333333";"6.72916666666667";"3.08064516129032";"3.17741935483871";"20.7272727272727";"15.4545454545455";"5.27272727272727";"6.47368421052632";"2.15789473684211";"4.31578947368421";"10.21875";"4.28125";"5.9375";"4.28169014084507";"1.22535211267606";"3.05633802816901";"0";"383";"222";"26.660693036594";"12.4885987137002";"1.86951167196828";"3.9956873302824";"22.0214977975665";"14.9064309744876";"11.6482579955563";"5.78444548980603";"38.1065946276042";"35.8711016102925";"10.2964710467867";"6.81801878238532";"3.21909507461572";"6.71691588932953";"16.1459759792519";"6.16040622351397";"16.0401462063966";"5.72758512711334";"2.28158580877794";"5.67673780552493";"0";"0";1
"36";"Heidi_Game";"0.0159809183064997";"130";"56";"268";"0.192139737991266";"13";"1";"0.120605732828556";"15.8333333333333";"5";"33.9153846153846";"4.12307692307692";"114.844279046832";"5.61975389763697";"41.1346028977497";"6.04152298679729";"-0.179085076776783";"17";"30";"33";"50";"4.82142857142857";"3.3";"2.30769230769231";"2.69230769230769";"2.69642857142857";"2.125";"1.43333333333333";"1.86666666666667";"5.23529411764706";"3.17647058823529";"2.05882352941176";"3.63333333333333";"1.9";"1.73333333333333";"4.6969696969697";"2.33333333333333";"2.36363636363636";"3.66";"1.6";"2.06";"0";"263";"5";"6.80135586177062";"4.14279034762885";"2.42846369077981";"5.79345342296825";"5.05935548484962";"2.71736837934994";"1.53343158614218";"3.83324735840703";"5.35641451631483";"4.68021492719147";"1.8864844365676";"6.56260741565074";"4.22104742680183";"2.50424926231717";"6.21733890264179";"4.25489913707325";"4.62883747431646";"4.69306914067795";"1.93780856660722";"3.91965221281018";"0";"0";1
"37";"Here_We_Go_Again_(Ray_Charles_song)";"0.0576779026217228";"90";"14";"462";"0.218841183826594";"13";"13";"1.38467365231663";"2.5683509816873";"8.07692307692308";"21.1555555555556";"10.2666666666667";"145.650058331193";"28.9784111815459";"9.26032115786185";"13.2064475318027";"0.0207704955382194";"10";"4";"6";"70";"34.5714285714286";"5.56";"2.30769230769231";"5.76923076923077";"21.8571428571429";"12.7142857142857";"2";"3.56";"40.5";"24.1";"16.4";"23.75";"17.75";"6";"7.33333333333333";"4.66666666666667";"2.66666666666667";"5.42857142857143";"1.74285714285714";"3.68571428571429";"0";"378";"84";"67.6799189462534";"7.92866151814969";"2.39390251070699";"13.0967797960278";"39.6811467398991";"28.5021688012268";"2.75532878885513";"7.35723994388091";"77.6734617914424";"44.6155179779911";"33.2438799714407";"36.1789533661032";"27.5121185419565";"8.75595035770913";"6.47044563122716";"3.66969571853944";"3.72379734500505";"8.29277916837315";"2.13110649823802";"8.21370868438654";"0";"0";1
"38";"Homework_(Daft_Punk_album)";"0.0242569638811142";"123";"48";"364";"0.16350520972482";"10";"5";"0.649052674012362";"0";"2.5";"66.0975609756098";"5.91869918699187";"370.954651826009";"17.0676539515181";"0";"1.43372087784044";"-0.00628609845108931";"17";"26";"27";"53";"10.7916666666667";"2.68333333333333";"1.5";"1";"5.5";"5.29166666666667";"1.3";"1.38333333333333";"12.8823529411765";"4.94117647058824";"7.94117647058824";"5.84615384615385";"3.42307692307692";"2.42307692307692";"5.25925925925926";"2.96296296296296";"2.2962962962963";"4.05660377358491";"2.09433962264151";"1.9622641509434";"0";"311";"53";"26.5193292278488";"2.7708633340205";"1.08012344973464";"1.24721912892465";"13.049822693831";"14.7026677754859";"1.64985875101631";"1.85117156368395";"38.8488776429596";"15.598359642264";"23.3785975526637";"8.04831563840439";"6.63429319173084";"3.66794849389221";"13.8857774292553";"8.87728944026654";"5.13520889257393";"8.4794210033188";"5.45352444593754";"3.68449069724884";"0";"0";1
"39";"Hudson_Valley_Rail_Trail";"0.5";"3";"1";"3";"0";"0";"0";"0.75";"NaN";"NaN";"0.333333333333333";"2";"0.577350269189626";"1.73205080756888";NA;NA;"-0.5";"1";"0";"0";"2";"1";"2.5";"NaN";"NaN";"0";"1";"1.5";"1";"1";"0";"1";"NaN";"NaN";"NaN";"NaN";"NaN";"NaN";"2.5";"1.5";"1";"0";"3";"0";NA;"2.12132034355964";NA;NA;NA;NA;"0.707106781186548";"1.4142135623731";NA;NA;NA;NA;NA;NA;NA;NA;NA;"2.12132034355964";"0.707106781186548";"1.4142135623731";"0";"0";1
"40";"Hydnellum_peckii";"0.0330293819655522";"141";"55";"652";"0.115232536245528";"15";"11";"0.783239795918367";"2.93518518518518";"2.73333333333333";"33.1347517730496";"9.24822695035461";"259.9785578164";"24.1794351902511";"11.367923340257";"2.08623607302265";"-0.0594432159502923";"35";"20";"13";"73";"17.1818181818182";"4.73333333333333";"1.26666666666667";"1.46666666666667";"7.41818181818182";"9.76363636363636";"3.6";"1.13333333333333";"11.4571428571429";"3.97142857142857";"7.48571428571429";"26.15";"13.2";"12.95";"3.76923076923077";"1.23076923076923";"2.53846153846154";"4.53424657534247";"3.19178082191781";"1.34246575342466";"0";"448";"204";"33.2766690090324";"16.5742977116006";"1.22279928657082";"1.68466472572297";"20.7102505565355";"16.6499512137686";"16.6938535324446";"1.78948592813848";"16.1196680325307";"10.4388575955015";"11.4387664610858";"50.6248066922885";"31.1323152468874";"23.3158518473682";"3.41940165706044";"1.53589529557661";"2.6650636207348";"15.0389145144086";"15.1461927139817";"1.85006890323781";"0";"0";1
"41";"If_Day";"0.0349683544303797";"80";"18";"221";"0.132732486685785";"15";"8";"0.765742669443999";"3.66666666666667";"3.73333333333333";"32.7375";"5.525";"170.906039197491";"14.3456207757991";"9.28644685754973";"3.15020785406448";"-0.14350003034676";"5";"10";"11";"54";"10.2777777777778";"4.15384615384615";"1.26666666666667";"2.46666666666667";"6.88888888888889";"3.38888888888889";"1.82051282051282";"2.33333333333333";"2.6";"1.4";"1.2";"16.4";"10.9";"5.5";"1.81818181818182";"1";"0.818181818181818";"4.53703703703704";"1.74074074074074";"2.7962962962963";"0";"176";"45";"28.8011551148164";"5.70566874874851";"1.70991506333196";"2.85022973176015";"19.2258676508527";"9.64144783421397";"4.32782791558728";"4.18225155510467";"2.50998007960223";"2.07364413533277";"0.447213595499958";"38.3527487063618";"25.5579950526467";"12.8862545200518";"1.25045446283996";"1.18321595661992";"0.603022689155527";"5.40688925654712";"3.8371824627285";"4.20412928023053";"0";"0";1
"42";"Indian_Head_gold_pieces";"0.08";"25";"3";"48";"0.0963855421686747";"3";"3";"0.914930555555556";"0";"1.66666666666667";"7.36";"3.84";"26.5943759718729";"9.01702094190019";"0";"1.15470053837925";"-0.202337869149524";"0";"2";"2";"21";"16.6666666666667";"2.375";"0.333333333333333";"1.33333333333333";"11.3333333333333";"5.33333333333333";"0.75";"1.625";"NaN";"NaN";"NaN";"24";"16";"8";"2";"1";"1";"2.0952380952381";"0.666666666666667";"1.42857142857143";"0";"48";"0";"25.4034118443435";"2.47318957353994";"0.577350269189626";"1.52752523165195";"17.8978583448784";"7.50555349946513";"1.57056253191863";"1.08781125813871";NA;NA;NA;"31.1126983722081";"22.6274169979695";"8.48528137423857";"0";"0";"0";"2.23393737389305";"1.39044357430761";"1.12122382116278";"0";"0";1
"43";"Jake_Gyllenhaal";"0.0227272727272727";"56";"20";"70";"0.289772727272727";"15";"1";"0.106446280991736";"0.0666666666666667";"1.86666666666667";"2.625";"2.5";"8.79074409923198";"2.81554128495263";"0.258198889747161";"1.68466472572297";"0.0543950208348808";"7";"9";"15";"25";"3.2";"2.35";"0.533333333333333";"1.33333333333333";"1.15";"2.05";"1.9";"0.45";"3";"1.28571428571429";"1.71428571428571";"3.77777777777778";"1.22222222222222";"2.55555555555556";"2.73333333333333";"1.4";"1.33333333333333";"1.76";"1.16";"0.6";"0";"66";"4";"3.94168011199072";"2.08440323404692";"0.516397779494322";"1.75932887637249";"2.00722379629703";"2.08944716939295";"2.26878126337746";"0.68633274115326";"4.47213595499958";"2.62769136406122";"1.88982236504614";"4.40958551844098";"1.98606254796883";"2.60341655863555";"2.08623607302265";"1.84390889145858";"1.54303349962092";"1.69016764454496";"1.74833253892578";"1.04083299973307";"0";"0";1
"44";"Japanese_battleship_Musashi";"0.0134012660182183";"255";"71";"868";"0.183739486737115";"32";"19";"0.405511811023622";"163.440261478055";"5.59375";"258.698039215686";"6.8078431372549";"1131.06614891477";"17.2733448463238";"548.39555847634";"9.62476434566984";"-0.00975677250690577";"20";"34";"56";"145";"9.67605633802817";"4.43609022556391";"2.875";"2.71875";"5.23943661971831";"4.43661971830986";"2.42105263157895";"2.01503759398496";"9.1";"5.05";"4.05";"9.32352941176471";"5.29411764705882";"4.02941176470588";"6";"3.28571428571429";"2.71428571428571";"6.21379310344828";"2.77931034482759";"3.43448275862069";"0";"794";"74";"17.3524593957887";"7.71397136984757";"5.05932546823669";"5.25623669496993";"9.70782422104149";"8.84425946890524";"3.74208361647137";"4.90204806055285";"25.6861625660281";"14.4166387790015";"11.3205681464269";"12.1149058907419";"7.25103717456695";"6.99993633788214";"10.6923932179504";"5.5553881648664";"6.0804135197722";"18.9499289821656";"5.62912683864178";"14.0137897330448";"0";"0";1
"45";"Kill_'Em_All";"0.00419919207601961";"1180";"763";"5842";"0.064770711980812";"32";"12";"0.320075451011877";"0";"4.28125";"1970.95423728814";"9.90169491525424";"10956.313938029";"32.8932861740309";"0";"4.54535832009584";"-0.100002686678475";"326";"359";"273";"222";"12.8519003931848";"4.54959785522788";"3.71875";"0.5625";"5.55439056356488";"7.29750982961992";"3.89276139410188";"0.656836461126005";"12.1687116564417";"6.33128834355828";"5.83742331288344";"12.9972144846797";"4.64066852367688";"8.35654596100279";"7.49084249084249";"4.48351648351648";"3.00732600732601";"4.53153153153153";"4";"0.531531531531532";"0";"4065";"1777";"40.3261679619977";"6.74583352886322";"4.31975488402577";"2.48787381694335";"15.7287745071113";"36.1835773073475";"5.31373510772458";"4.01277364558606";"32.5890836304663";"20.2141017691874";"24.6724002409159";"48.8117177643024";"10.891881841749";"46.8393296195566";"14.409992844304";"8.05956132586336";"8.70766762939789";"5.9884048137992";"5.49207573942693";"3.07763739619211";"0";"0";1
"46";"Koli_Point_action";"0.09";"25";"3";"54";"0.226229508196721";"6";"2";"0.774305555555556";"2.47222222222222";"3.33333333333333";"5.48";"4.32";"15.997925212699";"7.78738295792196";"6.05568297521397";"3.14112506383727";"-0.227133900008746";"1";"2";"0";"22";"2.33333333333333";"5.57142857142857";"1.66666666666667";"1.66666666666667";"1.33333333333333";"1";"2.78571428571429";"2.78571428571429";"2";"1";"1";"4.5";"1";"3.5";"NaN";"NaN";"NaN";"4.40909090909091";"2.31818181818182";"2.09090909090909";"0";"54";"0";"0.577350269189626";"10.1883363608686";"1.211060141639";"2.65832027165025";"0.577350269189626";"0";"7.02937322327446";"3.42341645433041";NA;NA;NA;"3.53553390593274";"0";"3.53553390593274";NA;NA;NA;"8.27307215874024";"5.60939996482404";"2.97464028892316";"0";"0";1
"47";"Larrys_Creek";"0.0651062155782848";"124";"36";"993";"0.228878214184798";"21";"6";"1.28673408685306";"9.1047619047619";"9.19047619047619";"47.7177419354839";"16.0161290322581";"311.580741358127";"36.5911233340137";"28.7563988738242";"10.2010737063264";"-0.11821300708196";"9";"25";"17";"73";"32.8055555555556";"8.81967213114754";"4.14285714285714";"5.04761904761905";"18.2222222222222";"14.5833333333333";"3.59016393442623";"5.22950819672131";"24.6666666666667";"11.8888888888889";"12.7777777777778";"34.12";"17.72";"16.4";"15.5882352941176";"11.8823529411765";"3.70588235294118";"8.84931506849315";"3.3013698630137";"5.54794520547945";"0";"610";"383";"62.386271129126";"13.3197950393657";"8.41002802781129";"8.40521380142225";"43.1615643242994";"36.6429685322729";"8.51934475019515";"9.97395515433898";"21.1246301742776";"15.3821686088507";"16.2540593220415";"73.7514519631083";"50.0911835223192";"42.9961238563044";"20.2609810458718";"18.9831581702742";"10.6757008311068";"12.5749654659087";"8.14569574735784";"9.60185325845776";"0";"0";1
"48";"Lat";"0.0182389937106918";"160";"57";"464";"0.153358353824253";"23";"14";"0.506941972232111";"0.199275362318841";"3.04347826086957";"44.1375";"5.8";"301.883208034284";"14.3183920955273";"0.720698284088859";"3.71089625133098";"-0.0617865354834313";"28";"30";"15";"87";"8.78947368421053";"4.68181818181818";"1.65217391304348";"1.39130434782609";"5.17543859649123";"3.6140350877193";"1.74242424242424";"2.93939393939394";"11.8214285714286";"7.07142857142857";"4.75";"5.1";"2.8";"2.3";"6.26666666666667";"1.6";"4.66666666666667";"4.02298850574713";"1.81609195402299";"2.20689655172414";"0";"385";"79";"22.789985929057";"5.75969841867835";"2.60434419684729";"3.28549332721314";"14.2692511654275";"8.77853385489878";"3.08500395741228";"5.36908182346289";"31.9850121977623";"19.9980157745871";"12.1795973904145";"4.75865817076693";"3.31558493305116";"2.64118573162993";"7.27487522393405";"3.37638860322683";"5.85133277451345";"5.13758836622754";"3.00978534208";"4.63590118439766";"0";"0";1
"49";"Logarithm";"0.0133821418755917";"1145";"579";"17529";"0.0957267330857083";"109";"11";"0.604278479387745";"102.286039590192";"9.88990825688073";"893.096069868995";"30.6183406113537";"9264.09836871927";"86.4853165457192";"871.469516497438";"18.0694849429256";"-0.0690868303484128";"303";"230";"263";"349";"41.9550949913644";"21.3497757847534";"7.86238532110092";"2.02752293577982";"18.5215889464594";"23.433506044905";"13.0269058295964";"8.32286995515695";"43.5115511551155";"14.1617161716172";"29.3498349834984";"32.1";"16.2347826086957";"15.8652173913043";"36.4600760456274";"21.0874524714829";"15.3726235741445";"14.0458452722063";"11.3409742120344";"2.70487106017192";"0";"10467";"7062";"95.6898358910406";"82.9479792979463";"16.8531060385452";"5.61654090791676";"46.8766414732325";"75.5132174088108";"30.2703057348452";"64.3562679822158";"107.945069878907";"40.9242182830426";"94.6133105579806";"105.628472656798";"39.9447938762087";"78.3508741723855";"89.2123149596075";"50.8059843725666";"59.3297642592658";"26.3643386403207";"21.8324618630654";"14.8605202604582";"0";"0";1
"50";"Mary_II_of_England";"0.0148895292987512";"348";"131";"1798";"0.147646496239047";"62";"4";"0.28564309976829";"151.223349537809";"7.93548387096774";"133.827586206897";"10.3333333333333";"663.832585942572";"19.9134534725318";"788.695539088831";"13.3966853837144";"-0.117946145479287";"41";"51";"89";"167";"14.9389312977099";"6.98013245033113";"3.48387096774194";"4.45161290322581";"7.63358778625954";"7.30534351145038";"3.6158940397351";"3.36423841059603";"14.4146341463415";"9.36585365853658";"5.04878048780488";"11.921568627451";"5.54901960784314";"6.37254901960784";"13.8089887640449";"6.24719101123596";"7.56179775280899";"6.9940119760479";"3.44311377245509";"3.55089820359281";"0";"1182";"616";"26.3814491131672";"13.8166422349646";"4.99423252767177";"11.3955375496034";"19.5043214568031";"15.5018078994136";"8.03065869208109";"11.8841538437863";"35.1119464069966";"29.6300152696223";"11.4038397470155";"19.8220514954985";"12.9357082921504";"12.0780143803752";"20.9462930135916";"11.4616761614089";"18.7961281410559";"12.5829761673768";"5.90038266108384";"10.6542930329395";"0";"0";1
"51";"Mary_Martha_Sherwood";"0.0398078242964997";"94";"16";"348";"0.187254130605822";"14";"12";"0.943346051566655";"3.11677067956369";"6.57142857142857";"18.7765957446809";"7.40425531914894";"115.159073640713";"19.6497936452193";"10.0678083888638";"11.0364033000882";"-0.1044417541598";"10";"6";"8";"70";"20.75";"4.32692307692308";"2";"4.57142857142857";"12.9375";"7.8125";"1.73076923076923";"2.59615384615385";"9.2";"7.1";"2.1";"37.3333333333333";"20.3333333333333";"17";"4.625";"2.5";"2.125";"4.9";"1.92857142857143";"2.97142857142857";"0";"299";"49";"43.7180359424651";"6.34535851316799";"2.1483446221183";"11.3930767487188";"23.6148787843597";"20.4425006624271";"2.62801934376282";"5.32570391328186";"8.48266205595599";"7.6077445920442";"1.10050493461461";"71.068042513261";"38.3179679349867";"32.9484445763377";"7.190022849159";"4.72077475481666";"2.90012315009454";"7.36058835077504";"2.63379061469783";"6.76729438490195";"0";"0";1
"52";"Maurice_Leyland";"0.0488215488215488";"55";"6";"145";"0.173553719008264";"11";"7";"0.836762688614541";"0.727272727272727";"3.18181818181818";"27.8";"5.27272727272727";"105.131446518615";"12.8285771063041";"1.42062726222673";"1.53741222957161";"0.058232903754737";"3";"3";"7";"42";"7.83333333333333";"6.09677419354839";"1.72727272727273";"1.45454545454545";"4";"3.83333333333333";"3.09677419354839";"3";"5.33333333333333";"1";"4.33333333333333";"10.3333333333333";"7";"3.33333333333333";"2.42857142857143";"1.28571428571429";"1.14285714285714";"5.38095238095238";"2.66666666666667";"2.71428571428571";"0";"140";"5";"9.49561302216274";"16.5496320980451";"1.34839972492648";"1.21355975243384";"6.44980619863884";"4.49073119510249";"6.96828452686254";"9.88601706114921";"6.65832811847939";"1";"5.77350269189626";"12.7410099024109";"8.71779788708135";"4.04145188432738";"1.71824938596845";"1.38013111868471";"1.0690449676497";"14.2468693710487";"6.03512752372659";"8.51193054908661";"0";"0";1
"53";"Nigel_Kneale";"0.0168103448275862";"145";"40";"351";"0.109261700725115";"22";"13";"0.587938850308642";"11.1510264987538";"5.59090909090909";"26.9379310344828";"4.84137931034483";"215.49200131763";"14.6485095288778";"26.1337766420492";"5.51758307084931";"-0.0282127451334057";"15";"14";"21";"95";"9.15";"2.42857142857143";"2.22727272727273";"3.36363636363636";"5.3";"3.85";"1.01428571428571";"1.41428571428571";"3.8";"1.66666666666667";"2.13333333333333";"4.35714285714286";"1.64285714285714";"2.71428571428571";"4.57142857142857";"2.19047619047619";"2.38095238095238";"5.13684210526316";"2.70526315789474";"2.43157894736842";"0";"319";"32";"26.932536799595";"3.05776004296139";"3.62441217804538";"3.69743095554138";"19.1929474226662";"8.1855093978667";"1.58336329926967";"2.18355419046368";"3.21158616796836";"2.16024689946929";"2.58751581545661";"4.51675756501264";"3.607836403786";"3.36105687198287";"4.67516233484388";"3.09223297341982";"2.47943926072389";"17.8716526556728";"12.589994071797";"5.72908338362895";"0";"0";1
"54";"Nikki_and_Paulo";"0.214285714285714";"8";"4";"12";"0.24";"1";"0";"0.73469387755102";"0";"2";"1.75";"3";"4.94974746830583";"3.70328039909021";NA;NA;"-0.397826464622148";"1";"0";"6";"1";"4";"2";"2";"0";"1.75";"2.25";"1";"1";"1";"0";"1";"NaN";"NaN";"NaN";"3.5";"1.66666666666667";"1.83333333333333";"2";"2";"0";"0";"12";"0";"5.35412613473634";"1";NA;NA;"2.87228132326901";"2.5";"1";"1";NA;NA;NA;NA;NA;NA;"4.23083916026124";"2.25092573548455";"2.13697605664328";NA;NA;NA;"0";"0";1
"55";"North_Road_(Manchester)";"0.0968660968660969";"27";"3";"68";"0.137614678899083";"7";"1";"1.11760355029586";"3.85714285714286";"5";"9.07407407407407";"5.03703703703704";"36.7954589393151";"11.6205437496288";"10.2050407712491";"5.35412613473634";"-0.151486131914108";"3";"1";"3";"20";"2";"5.875";"2.71428571428571";"2.28571428571429";"1";"1";"2.8125";"3.0625";"2";"1";"1";"3";"2";"1";"1.33333333333333";"0.666666666666667";"0.666666666666667";"6.15";"3.05";"3.1";"0";"67";"1";"0";"14.7958327466441";"3.59231985000806";"3.45032779671177";"0";"0";"6.3583934029491";"8.5359533738183";"0";"0";"0";NA;NA;NA;"0.577350269189626";"0.577350269189626";"0.577350269189626";"13.4017869978911";"5.94248751742373";"7.79946017025335";"0";"0";1
"56";"Nyon_Conference";"0.238095238095238";"7";"1";"10";"0";"2";"0";"0.791666666666667";"0";"6";"0";"2.85714285714286";"0";"3.76069902316805";"0";"7.07106781186548";"-0.393178549746392";"1";"0";"1";"5";"4";"1";"4.5";"1.5";"0";"4";"0.25";"0.75";"4";"0";"4";"NaN";"NaN";"NaN";"1";"0";"1";"3";"2";"1";"0";"10";"0";NA;"0";"6.36396103067893";"0.707106781186548";NA;NA;"0.5";"0.5";NA;NA;NA;NA;NA;NA;NA;NA;NA;"4.47213595499958";"3.93700393700591";"0.707106781186548";"0";"0";1
"57";"Oliver_Bosbyshell";"0.0476190476190476";"43";"9";"86";"0.0910714285714286";"6";"6";"0.853174603174603";"0";"2.66666666666667";"3";"4";"18.6100331362771";"11.0905365064094";"0";"1.03279555898864";"-0.00223139972974662";"10";"2";"2";"29";"2.88888888888889";"5.22727272727273";"1";"1.66666666666667";"1.44444444444444";"1.44444444444444";"2.90909090909091";"2.31818181818182";"10.1";"6.7";"3.4";"1.5";"0.5";"1";"2.5";"0";"2.5";"2.17241379310345";"0.620689655172414";"1.55172413793103";"0";"76";"10";"3.44399638662864";"15.4054159251492";"1.09544511501033";"1.211060141639";"2.35112266327765";"1.33333333333333";"11.4389022571436";"4.09862187798549";"22.6835721270801";"16.7666998011601";"6.00370256129036";"0.707106781186548";"0.707106781186548";"0";"0.707106781186548";"0";"0.707106781186548";"1.31118718063444";"0.862462964150937";"1.29797113374659";"0";"0";1
"58";"Oort_cloud";"0.0984848484848485";"12";"3";"13";"0.25";"6";"0";"0.190082644628099";"0.0833333333333333";"2.5";"0.0833333333333333";"2.16666666666667";"0.194624736040381";"1.26730446462585";"0.204124145231932";"1.7606816861659";"-0.312594523519613";"0";"2";"4";"6";"1.66666666666667";"2";"1.83333333333333";"0.666666666666667";"0.333333333333333";"1.33333333333333";"0.333333333333333";"1.66666666666667";"NaN";"NaN";"NaN";"1.5";"0.5";"1";"1.75";"0.25";"1.5";"2.66666666666667";"1.83333333333333";"0.833333333333333";"0";"13";"0";"0.577350269189626";"0";"2.13697605664328";"0.816496580927726";"0.577350269189626";"0.577350269189626";"0.577350269189626";"0.577350269189626";NA;NA;NA;"0.707106781186548";"0.707106781186548";"0";"0.5";"0.5";"1";"1.63299316185545";"2.13697605664328";"0.752772652709081";"0";"0";0
"59";"Order_of_St_Patrick";"0.0948258091115234";"99";"38";"920";"0.165161858621449";"24";"0";"0.522698875468555";"0";"13.7916666666667";"10.3838383838384";"18.5858585858586";"49.3981719904778";"21.4180974883535";"0";"17.9951180980376";"-0.167431813375874";"10";"14";"29";"46";"22.7631578947368";"17.4054054054054";"5.33333333333333";"8.45833333333333";"15.9736842105263";"6.78947368421053";"5";"12.4054054054054";"34.8";"18.2";"16.6";"15.0714285714286";"9.78571428571429";"5.28571428571429";"17.5862068965517";"12.5172413793103";"5.06896551724138";"16.7608695652174";"5.17391304347826";"11.5869565217391";"0";"506";"414";"23.7275460975684";"20.6901203737697";"7.34057613345264";"18.9850723204968";"16.5684278758113";"20.6491383168649";"6.8677992593455";"21.7031224833093";"34.1851169695559";"18.5759701406593";"37.4794758649466";"12.0668923136775";"9.54486226220136";"11.7042304740214";"18.6978173695284";"16.2757942304673";"11.9011735150145";"20.9615359727803";"7.09085278628142";"21.9743042736096";"0";"0";1
"60";"Pain_fitzJohn";"0.0353793691389599";"69";"13";"166";"0.0967741935483871";"15";"6";"0.904195501730104";"1.86666666666667";"1.93333333333333";"31.0289855072464";"4.81159420289855";"174.664904715304";"15.7071315409489";"7.22956891292051";"2.01659779496722";"-0.165397106410173";"9";"4";"3";"53";"12.0769230769231";"3.94285714285714";"0.333333333333333";"1.6";"7.69230769230769";"4.38461538461539";"1.71428571428571";"2.22857142857143";"2.44444444444444";"1.44444444444444";"1";"33.5";"21.75";"11.75";"2.33333333333333";"1.33333333333333";"1";"3.18867924528302";"1.16981132075472";"2.0188679245283";"0";"150";"16";"34.2502105552203";"7.13707328854415";"0.487950036474267";"2.13139793160666";"22.0581980806253";"12.203404316955";"3.26812978152759";"4.61510126257979";"1.13038833052088";"1.13038833052088";"0";"61.6900856432107";"39.5253083479433";"22.1716786313832";"0.577350269189626";"0.577350269189626";"0";"5.96159698459032";"2.75077505900682";"3.90015071719491";"0";"0";1
"61";"Paraceratherium";"0.0153560403913567";"277";"138";"1174";"0.131418374395579";"9";"12";"0.904576244486452";"0";"1.33333333333333";"266.823104693141";"8.47653429602888";"1676.27934506344";"32.6315119256536";"0";"0.707106781186548";"0.0829321480876916";"62";"63";"71";"81";"12.8985507246377";"3.27966101694915";"1.11111111111111";"0.222222222222222";"5.71014492753623";"7.18840579710145";"2.16101694915254";"1.11864406779661";"8.66129032258065";"4.29032258064516";"4.37096774193548";"17.1269841269841";"6.87301587301587";"10.2539682539683";"4.70422535211268";"2.7887323943662";"1.91549295774648";"4.91358024691358";"3.41975308641975";"1.49382716049383";"0";"933";"241";"45.2385872779662";"4.7301281911404";"0.600925212577332";"0.440958551844098";"20.0354441033085";"27.3003170283556";"3.20781721185412";"2.3792891688806";"16.7390223859974";"9.80863971246727";"12.2142537950312";"64.5291862107052";"27.3310009869993";"38.4430740664218";"7.90731011911886";"6.67172175883888";"3.28523310272428";"9.68013110818262";"8.43780806479216";"2.97961179010842";"0";"0";1
"62";"Peter_Warlock";"0.0276653171390014";"39";"17";"41";"0.138461538461538";"3";"0";"0.133656509695291";"0";"1";"0.564102564102564";"2.1025641025641";"1.80343052913449";"2.11255484880364";"0";"0";"-0.232764990663336";"12";"2";"10";"15";"2.29411764705882";"2.10526315789474";"0";"1";"0.823529411764706";"1.47058823529412";"1.42105263157895";"0.684210526315789";"1.66666666666667";"0.333333333333333";"1.33333333333333";"1.5";"0.5";"1";"3.8";"2.8";"1";"1.4";"0.533333333333333";"0.866666666666667";"0";"41";"0";"1.7594283831103";"2.53628636750894";"0";"0";"1.38000426256801";"0.799816155346303";"2.6939394836411";"1.05686284083011";"0.984731927834662";"0.492365963917331";"0.984731927834662";"0.707106781186548";"0.707106781186548";"0";"3.48966728754731";"3.58391468152416";"0.942809041582063";"0.828078671210825";"0.743223352957207";"1.06009882737862";"0";"0";1
"63";"Planescape._Torment";"0.00927696461889696";"588";"356";"3202";"0.135250498504487";"36";"9";"0.442071109124733";"23.2578237585644";"5";"657.171768707483";"10.891156462585";"4506.08564838842";"41.4581136294589";"131.50932010056";"7.19126454208755";"0.069832453131191";"167";"166";"111";"144";"15.6460674157303";"3.35294117647059";"2.88888888888889";"2.11111111111111";"7.2247191011236";"8.42134831460674";"2.70053475935829";"0.6524064171123";"15.1077844311377";"7.27544910179641";"7.83233532934132";"13.8795180722892";"6.3855421686747";"7.49397590361446";"9.67567567567568";"5.15315315315315";"4.52252252252252";"3.49305555555556";"2.46527777777778";"1.02777777777778";"0";"2694";"508";"52.6168559853873";"4.47376214774385";"3.75520802374347";"6.9602043392737";"22.3169248267697";"32.323575216808";"3.04555903243097";"3.24650880898856";"43.4133994555897";"20.2197757994848";"26.3184054646198";"49.0694986642443";"21.4042370913295";"29.0628883396307";"50.7073891266284";"17.9038838844832";"33.2283687249989";"4.90040176428805";"2.96108370457789";"3.98764603510905";"0";"0";1
"64";"Ranavalona_I";"0.0163614163614164";"91";"36";"134";"0.186895810955961";"9";"1";"0.180061728395062";"16.7777777777778";"2.55555555555556";"26.4285714285714";"2.94505494505495";"99.1396570838428";"4.41805044325772";"50.3333333333333";"3.32080980752855";"-0.14944903212906";"21";"10";"20";"40";"4.30555555555556";"1.97777777777778";"1.33333333333333";"1.22222222222222";"2.25";"2.05555555555556";"0.911111111111111";"1.06666666666667";"4.23809523809524";"1.95238095238095";"2.28571428571429";"4.2";"2.8";"1.4";"2.95";"1.35";"1.6";"1.95";"0.95";"1";"0";"129";"5";"6.04657846315675";"2.4998989878583";"2.54950975679639";"1.39443337755679";"4.14987091021258";"2.38979311052466";"1.29373002351239";"1.6431676725155";"7.35462277689864";"4.49973544195868";"2.95199690282455";"4.49196814077947";"4.18462795372672";"1.26491106406735";"2.45967477524977";"1.95407805694439";"1.56944509134179";"2.71699305888905";"1.5843788720683";"1.56892908110547";"0";"0";1
"65";"Red_rail";"0.0237623762376238";"101";"17";"240";"0.0839160839160839";"10";"10";"0.885";"10.6";"4";"16.6930693069307";"4.75247524752475";"132.694259616573";"18.0324185513724";"25.0475104107729";"3.8873012632302";"0.0319387213725087";"11";"6";"13";"71";"13.0588235294118";"2.78125";"1.2";"2.8";"6.88235294117647";"6.17647058823529";"1.375";"1.40625";"18.4545454545455";"9.54545454545454";"8.90909090909091";"2.66666666666667";"1.33333333333333";"1.33333333333333";"3.23076923076923";"1.69230769230769";"1.53846153846154";"3.08450704225352";"1.47887323943662";"1.6056338028169";"0";"217";"23";"43.0428138430727";"4.02164283733788";"1.22927259430572";"4.13118223595458";"22.7428075249659";"20.3169734892948";"3.76069902316805";"1.56061394105521";"53.6085135708194";"28.3561761750897";"25.2683776505519";"1.50554530541816";"1.50554530541816";"0.816496580927726";"3.49174851504339";"1.88788309068718";"1.80810142669895";"4.31193188017105";"3.73347465479383";"2.13460517084834";"0";"0";1
"66";"Regents_of_the_University_of_California_v._Bakke";"0.5";"2";"0";"1";"NaN";"0";"1";"0";"NaN";"NaN";"0";"1";"0";"0";NA;NA;"NaN";"0";"0";"0";"2";"NaN";"1";"NaN";"NaN";"NaN";"NaN";"0";"1";"NaN";"NaN";"NaN";"NaN";"NaN";"NaN";"NaN";"NaN";"NaN";"1";"0.5";"0.5";"0";"1";"0";NA;NA;NA;NA;NA;NA;NA;NA;NA;NA;NA;NA;NA;NA;NA;NA;NA;"0";"0.707106781186548";"0.707106781186548";"0";"0";0
"67";"Rhyolite,_Nevada";"0.0191929133858268";"128";"37";"312";"0.0913937547600914";"17";"13";"0.714737429474859";"3.11764705882353";"2.47058823529412";"40.5234375";"4.875";"281.718836765626";"17.1179327620844";"12.8543881269256";"1.80684971216561";"-0.0687468645352432";"20";"24";"12";"72";"9.32432432432432";"3.0655737704918";"1.05882352941176";"1.41176470588235";"4.75675675675676";"4.56756756756757";"1.67213114754098";"1.39344262295082";"13.6";"7.2";"6.4";"3.91666666666667";"2.20833333333333";"1.70833333333333";"2.91666666666667";"1.66666666666667";"1.25";"3.09722222222222";"1.31944444444444";"1.77777777777778";"0";"286";"26";"30.3718199561279";"6.76478344679024";"1.34492510178514";"1.50244898122248";"14.6162113296721";"15.9173918517879";"4.05265884523321";"3.795957009436";"40.6802680734323";"19.2834807952026";"21.6148097377701";"7.27064775935265";"5.17501662813264";"2.23566285602215";"2.93747985163948";"1.49747261825525";"1.91287503750007";"6.10047267211002";"3.24938299187031";"3.82070792873288";"0";"0";1
"68";"Robert_Hues";"0.0407563025210084";"85";"15";"291";"0.153325123152709";"17";"13";"0.795989229024943";"11.1763432645786";"5.29411764705882";"23";"6.84705882352941";"120.346203278057";"15.8838836278676";"39.4142658381653";"4.74031520421312";"-0.199231814378145";"12";"9";"3";"61";"6.8";"7.625";"1.29411764705882";"4";"4.66666666666667";"2.13333333333333";"3.925";"3.7";"16.0833333333333";"11.25";"4.83333333333333";"7.77777777777778";"5.55555555555556";"2.22222222222222";"2";"0.666666666666667";"1.33333333333333";"5.13114754098361";"1.70491803278689";"3.42622950819672";"0";"221";"70";"8.08172541690731";"21.9961389385757";"2.36549957414795";"4.13823633931171";"6.09058602231658";"2.26358333705864";"17.5329543197799";"6.03494099561154";"38.983582402977";"31.2355421100561";"8.72648355017731";"10.1707642015949";"7.33333333333333";"2.94863433549236";"1.73205080756888";"0.577350269189626";"1.52752523165195";"6.27289250090171";"4.35256346802311";"4.60962404972265";"0";"0";1
"69";"Rugby_World_Cup";"0.010515622084465";"695";"245";"5072";"0.125134986225895";"65";"17";"0.550074122366268";"247.227736500946";"7.75384615384615";"741.543884892087";"14.5956834532374";"5064.67056011664";"42.9007867405064";"863.59990177506";"21.305831632172";"-0.104878103333106";"92";"158";"199";"246";"27.8367346938776";"7.37228260869565";"2.27692307692308";"5.47692307692308";"13.9183673469388";"13.9183673469388";"3.96467391304348";"3.40760869565217";"33.054347826087";"19.5326086956522";"13.5217391304348";"15.373417721519";"7";"8.37341772151899";"13.4924623115578";"6.36683417085427";"7.12562814070352";"8.08536585365854";"3.66666666666667";"4.41869918699187";"0";"3284";"1788";"67.5947261677087";"13.3920140995291";"5.50144211862811";"20.2878563526218";"47.1017544897432";"43.4928092486553";"7.93751839421492";"10.4793632281082";"90.4265063895081";"73.0306952005222";"41.928898020934";"29.1271065069586";"14.0381645415014";"22.9214899798085";"37.731891682859";"13.0229442251184";"34.829879435585";"17.6113608181084";"8.26516334805719";"15.2823593092193";"0";"0";1
"70";"Say_Hello_to_My_Little_Friend";"0.126436781609195";"30";"4";"110";"0.132467532467532";"6";"3";"1.84898929845422";"8.66666666666667";"3.66666666666667";"15.7333333333333";"7.33333333333333";"72.9586732602576";"19.9816007320758";"21.2289111041209";"3.77712412645741";"-0.325860194674509";"3";"1";"2";"24";"29.75";"3.64705882352941";"1.66666666666667";"2";"15.25";"14.5";"1.82352941176471";"1.82352941176471";"39";"20";"19";"2";"1";"1";"11";"7";"4";"3.29166666666667";"1.45833333333333";"1.83333333333333";"0";"110";"0";"54.1748711735124";"4.7426413588657";"2.42212028327799";"1.67332005306815";"27.1830216618143";"27";"3.22558704187407";"1.62923655885383";"62.3618473106755";"31.1929479209644";"31.1769145362398";NA;NA;NA;"12.7279220613579";"8.48528137423857";"4.24264068711928";"2.82040957042192";"1.76879144853366";"1.30772509631659";"0";"0";1
"71";"Sherman_Minton";"0.0314176245210728";"145";"27";"656";"0.129422972237344";"34";"5";"1.2095630787037";"45.8405823204409";"8.91176470588235";"70.2206896551724";"9.04827586206897";"455.458967445525";"31.3960655343067";"178.006510933514";"21.2793364658724";"0.0401503052518901";"11";"13";"28";"93";"10.7777777777778";"8.84810126582278";"4.23529411764706";"4.67647058823529";"5.59259259259259";"5.18518518518519";"4.40506329113924";"4.44303797468354";"8.36363636363636";"3.36363636363636";"5";"11.0769230769231";"4.46153846153846";"6.61538461538461";"5.03571428571429";"3.82142857142857";"1.21428571428571";"10.0537634408602";"4.88172043010753";"5.17204301075269";"0";"602";"54";"11.1918010282711";"39.7905054412691";"11.878319500388";"10.0445087915112";"7.23378430198436";"9.55162908794192";"16.0779503312741";"23.8766847092235";"9.60492298014645";"4.12971493623294";"10.0498756211209";"10.3638919528455";"3.86469888036538";"10.3645104526493";"7.76736831764856";"6.86404249441096";"1.39727626201154";"38.6594286804649";"16.3513391702368";"22.718802620734";"0";"0";1
"72";"Singapore_strategy";"0.0693027210884354";"49";"4";"163";"0.128614157527418";"13";"6";"1.49240451388889";"16.6333333333333";"3.30769230769231";"36.3469387755102";"6.6530612244898";"158.897029156953";"20.9339745991297";"41.1995415292722";"2.83973635468199";"-0.102326709095489";"1";"1";"8";"39";"43.5";"3.76923076923077";"1.46153846153846";"1.84615384615385";"25";"18.5";"1.5";"2.26923076923077";"147";"81";"66";"16";"11";"5";"2.875";"1.625";"1.25";"3.58974358974359";"1.48717948717949";"2.1025641025641";"0";"160";"3";"69.274815048472";"4.93402628535919";"1.39136531360295";"2.07549808665108";"37.6209161681814";"31.7122478967775";"2.61151297144012";"2.64662339304545";NA;NA;NA;NA;NA;NA;"2.99702233177246";"2.66926956300783";"0.707106781186548";"4.31471136265799";"2.24630450754585";"2.44728498109179";"0";"0";1
"73";"SMS_Schwaben";"0.288888888888889";"10";"1";"26";"0.0789473684210526";"2";"2";"1.83950617283951";"0";"1.5";"3.2";"5.2";"10.1192885125388";"10.507140429251";"0";"0.707106781186548";"-0.289312952010225";"0";"0";"2";"8";"2";"8.8";"0";"1.5";"1";"1";"4.8";"4";"NaN";"NaN";"NaN";"NaN";"NaN";"NaN";"18.5";"10.5";"8";"1.875";"0.625";"1.25";"0";"24";"2";NA;"14.6867287031524";"0";"0.707106781186548";NA;NA;"8.52642949891688";"6.16441400296898";NA;NA;NA;NA;NA;NA;"23.3345237791561";"13.4350288425444";"9.89949493661167";"0.991031208965115";"0.744023809142845";"0.462910049886276";"0";"0";1
"74";"South_Carolina-class_battleship";"0.0398305084745763";"60";"11";"141";"0.257220216606498";"9";"0";"0.166331513932778";"17.3154761904762";"5.11111111111111";"25.5833333333333";"4.7";"70.2582481649037";"5.66074798914509";"49.2389800423632";"5.92546294487706";"-0.344286427324704";"4";"6";"14";"36";"4.63636363636364";"4.625";"2.77777777777778";"2.33333333333333";"3.36363636363636";"1.27272727272727";"1.975";"2.65";"2.25";"1.25";"1";"4.66666666666667";"3.33333333333333";"1.33333333333333";"6.92857142857143";"3.5";"3.42857142857143";"4.11111111111111";"1.86111111111111";"2.25";"0";"141";"0";"5.60843520552261";"5.75877257221203";"3.1135902820449";"3.96862696659689";"4.86359388256724";"0.904534033733291";"3.52636589285009";"3.71793987620523";"0.5";"0.5";"0";"7.06163342766153";"5.75036230742609";"1.36626010212795";"7.47780598956555";"5.85399272029192";"4.70211549304035";"4.80343792226108";"2.19288170194613";"3.21936107236913";"0";"0";1
"75";"Stephen_Trigg";"0.0287141073657928";"90";"20";"230";"0.207439824945295";"16";"8";"0.516348945840172";"1.27083333333333";"4.625";"22.5888888888889";"5.11111111111111";"97.4762220851303";"11.2234149747472";"5.08333333333333";"7.01308301200929";"0.00267699633557527";"9";"10";"10";"61";"10.05";"3.60869565217391";"2.0625";"2.5625";"6.2";"3.85";"1.41304347826087";"2.19565217391304";"14.7777777777778";"10";"4.77777777777778";"5.8";"2.7";"3.1";"4.1";"1.5";"2.6";"3.73770491803279";"1.60655737704918";"2.13114754098361";"0";"202";"28";"21.8836035712393";"3.96920513100302";"5.47075558462144";"5.31624867740402";"15.2991227818701";"7.18386349653458";"1.97288381092272";"3.05228195302678";"30.6585134089121";"22.293496809608";"8.45248155540398";"11.7075474232081";"5.1218486246016";"6.65749368923638";"5.04314716554389";"2.12132034355964";"4.83505716385833";"4.5785792532337";"3.18997747392564";"3.27859426094002";"0";"0";1
"76";"Sunderland_A.F.C.";"0.0216929107700485";"174";"97";"653";"0.17235232152986";"31";"0";"0.315379732032477";"75.8858839720509";"6.19354838709677";"179.522988505747";"7.50574712643678";"590.184795588544";"13.9494326759882";"378.729931391479";"14.4231743035036";"-0.224454416560692";"26";"45";"52";"51";"9.1340206185567";"4.95652173913043";"2.19354838709677";"4";"5.05154639175258";"4.08247422680412";"2.06521739130435";"2.89130434782609";"5.61538461538461";"3";"2.61538461538462";"8.08888888888889";"4.06666666666667";"4.02222222222222";"10.3653846153846";"5.28846153846154";"5.07692307692308";"5.03921568627451";"2.29411764705882";"2.74509803921569";"0";"530";"123";"14.6049569681405";"11.8658361539695";"2.16670802276495";"14.562508941342";"7.16672160931549";"8.5946568952906";"2.20506662951025";"12.0908197697805";"6.21016536383322";"3.37045990927054";"3.27508073887558";"17.3896811385663";"6.7298520853663";"11.6199062914562";"15.3303861355433";"7.4316138127083";"11.8567365708956";"11.4576800170257";"2.51629980445144";"11.4190072024759";"0";"0";1
"77";"The_Adventures_of_Tintin";"0.0315262718932444";"110";"38";"378";"0.2787807043504";"30";"0";"0.171871054625032";"46.2595380783585";"4.53333333333333";"82.2727272727273";"6.87272727272727";"215.373689703576";"7.70095798986299";"123.403429767208";"5.0222493472295";"-0.10032068709084";"10";"18";"40";"42";"9.13157894736842";"6.5";"2.56666666666667";"1.96666666666667";"4.86842105263158";"4.26315789473684";"2.76190476190476";"3.73809523809524";"13.6";"8.3";"5.3";"6.11111111111111";"3.77777777777778";"2.33333333333333";"7.2";"2.825";"4.375";"5.28571428571429";"2.71428571428571";"2.57142857142857";"0";"339";"39";"9.52428206170398";"7.00609490755432";"3.99726918277219";"2.59287263585143";"6.25654706873756";"5.79227915990652";"3.64798323039526";"5.36501550839721";"13.4097808416925";"9.44045667445289";"5.90762219509677";"6.16335364104439";"5.09388971399074";"3.39549875050866";"7.63326055278258";"3.67170399901875";"6.25807171087561";"5.74789766141782";"3.6041014189847";"3.66355057116132";"0";"0";1
"78";"The_Fade_Out";"0.174242424242424";"12";"0";"23";"0.1";"5";"2";"1.19834710743802";"2";"2";"3.91666666666667";"3.83333333333333";"10.8078955426395";"7.66139476185438";"4.47213595499958";"1.22474487139159";"-0.211082886058785";"0";"0";"1";"11";"NaN";"6.6";"0.6";"1.4";"NaN";"NaN";"3.8";"2.8";"NaN";"NaN";"NaN";"NaN";"NaN";"NaN";"1";"0";"1";"4.09090909090909";"2.09090909090909";"2";"0";"23";"0";NA;"11.9707978013163";"0.894427190999916";"0.547722557505166";NA;NA;"7.94984276574072";"4.02492235949962";NA;NA;NA;NA;NA;NA;NA;NA;NA;"7.98065843717854";"5.31891991770031";"2.68328157299975";"0";"0";1
"79";"The_Kinks";"0.00670601737989834";"856";"451";"4908";"0.0862184904494484";"64";"10";"0.547149550288978";"32.115161993864";"4.9375";"813.426401869159";"11.4672897196262";"8492.57622355453";"49.4822678867783";"152.578165493032";"8.77202443558";"0.09211873979299";"211";"196";"225";"224";"17.2372505543237";"5.09667673716012";"3.9375";"1";"8.12638580931264";"9.11086474501109";"2.93957703927492";"2.1570996978852";"10.9383886255924";"5.72511848341232";"5.21327014218009";"15.7040816326531";"7.03571428571429";"8.66836734693878";"14.3022222222222";"7.50666666666667";"6.79555555555556";"5.41071428571429";"2.82142857142857";"2.58928571428571";"0";"3825";"1083";"66.1572136688339";"16.2410727314396";"8.21897726615589";"3.16227766016838";"33.6424267855295";"37.6201026864553";"5.33847996206885";"14.1992136802893";"18.7753890394203";"9.96136748884407";"14.7460087971533";"70.0016423519676";"31.7136830454568";"43.6069533315415";"66.2467468503471";"36.7390800102561";"32.3067465557254";"17.3637184603419";"5.3222846264644";"16.4973451167169";"0";"0";1
"80";"Thief_II";"0.018705668194087";"179";"99";"596";"0.158652764233741";"7";"4";"0.229768968564575";"0";"1.57142857142857";"21.6983240223464";"6.65921787709497";"70.8490246894425";"11.7650721621396";"0";"0.975900072948533";"-0.331907510587868";"38";"48";"46";"47";"9.48484848484848";"3.27536231884058";"1";"0.571428571428571";"4.24242424242424";"5.24242424242424";"2.27536231884058";"1";"9.28947368421053";"4.05263157894737";"5.23684210526316";"10.1666666666667";"4.14583333333333";"6.02083333333333";"4.71739130434783";"3.04347826086957";"1.67391304347826";"2.85106382978723";"2.19148936170213";"0.659574468085106";"0";"500";"96";"14.6978851986789";"4.90163255508099";"1.4142135623731";"0.534522483824849";"5.02055145578876";"13.9335821822827";"3.5599242307329";"3.08697453256516";"15.7838574648994";"4.64959962485032";"14.9926724634408";"16.0256885978563";"5.49270147591748";"15.2963485885307";"4.44053572082499";"3.16899228104057";"2.10875790535131";"4.04850333808012";"4.13173454402333";"0.787858841491646";"0";"0";1
"81";"Thierry_Henry";"0.0240799888904319";"380";"223";"3468";"0.175824501154598";"63";"1";"0.563153974143873";"0";"7.79365079365079";"164.944736842105";"18.2526315789474";"1281.00892179002";"36.62697030166";"0";"16.6143726451593";"-0.0230778977924869";"81";"84";"114";"101";"24.3946188340807";"10.7849462365591";"5.41269841269841";"2.38095238095238";"11.0448430493274";"13.3497757847534";"7.12903225806452";"3.65591397849462";"21.4938271604938";"10.0864197530864";"11.4074074074074";"19.7619047619048";"9.48809523809524";"10.2738095238095";"23.1754385964912";"10.3771929824561";"12.7982456140351";"8.84158415841584";"6.64356435643564";"2.1980198019802";"0";"2045";"1423";"44.3463677348323";"19.2206011886056";"11.0331391149645";"13.2572908382016";"25.8372898658197";"30.587838180298";"15.0508022366364";"13.8175177281027";"31.9586152143636";"21.9841974670809";"20.6602140464334";"30.0134985886849";"18.2601640602951";"25.6357013813291";"52.3179939288959";"28.6774526308746";"34.73214313581";"17.2960878080954";"13.6224697895909";"11.8051004247996";"0";"0";1
"82";"Toronto_Raptors";"0.0187402174372858";"308";"194";"1772";"0.111993953248286";"37";"0";"0.507336947872126";"0";"4.37837837837838";"122.340909090909";"11.5064935064935";"548.424127067269";"25.929432361373";"0";"6.75504482817328";"-0.250827262638573";"69";"98";"64";"77";"14.9381443298969";"6.28571428571429";"4.2972972972973";"0.0810810810810811";"6.04123711340206";"8.89690721649485";"5.72727272727273";"0.558441558441558";"14.4347826086957";"5.43478260869565";"9";"14.4387755102041";"6.02040816326531";"8.41836734693878";"12";"7.5";"4.5";"4.74025974025974";"4.24675324675325";"0.493506493506494";"0";"1142";"630";"30.9416346544243";"13.4388058903832";"6.79814053361025";"0.363499837870847";"8.10221939244935";"30.2902999354228";"12.0401044361142";"2.05511881135288";"25.2670898839191";"6.82443331168057";"24.9717487432122";"36.5299104467566";"7.59677032819304";"35.9807862441924";"20.0182456456643";"14.9071198499986";"12.8297768726964";"6.62213711211474";"5.49678337555569";"2.77025258502284";"0";"0";1
"83";"Tosca";"0.0634408602150538";"31";"11";"59";"0.335766423357664";"8";"0";"0.261666666666667";"4.5625";"4.75";"3.7741935483871";"3.80645161290323";"7.84733363387146";"4.26942115388577";"8.43224042419502";"6.71352579286239";"-0.311818475755921";"5";"2";"11";"13";"4.72727272727273";"2.33333333333333";"2.875";"1.875";"2.63636363636364";"2.09090909090909";"0.583333333333333";"1.75";"4.2";"2.2";"2";"2";"0.5";"1.5";"2.54545454545455";"1.27272727272727";"1.27272727272727";"5";"2.53846153846154";"2.46153846153846";"0";"59";"0";"3.5239440713754";"2.42462118253303";"6.17454451761423";"2.90012315009454";"3.04212844149379";"1.22102788293679";"0.90033663737852";"1.81533868615599";"1.92353840616713";"1.30384048104053";"0.707106781186548";"0";"0.707106781186548";"0.707106781186548";"2.9787123514578";"2.93567399725886";"0.646669790682863";"5.77350269189626";"4.96009718680633";"2.81707249390168";"0";"0";1
"84";"Tower_of_London";"0.0386931647094249";"82";"24";"257";"0.2025";"26";"0";"0.217040085352843";"0.967948717948718";"6.73076923076923";"7.10975609756098";"6.26829268292683";"21.8918884563824";"8.44305365811286";"3.93954854457243";"9.1850212511793";"-0.104155599190734";"8";"9";"18";"47";"7.08333333333333";"5.28125";"2.46153846153846";"4.26923076923077";"4";"3.08333333333333";"3.03125";"2.25";"9.375";"3.875";"5.5";"3";"1.77777777777778";"1.22222222222222";"6.5";"4.55555555555556";"1.94444444444444";"6.27659574468085";"2.72340425531915";"3.5531914893617";"0";"175";"82";"8.85593226215535";"7.63791212393172";"2.53346828250553";"9.80839514827045";"4.58731710925565";"7.35389081676683";"3.6232615408701";"6.54019828051009";"12.8723124795597";"3.56320481749626";"12.7279220613579";"1.87082869338697";"1.56347191994114";"1.092906420717";"6.03177858854057";"5.29397240178391";"2.85888135717086";"9.08104123425515";"3.06240973360902";"8.89506094179162";"0";"0";1
"85";"Trait_du_Nord";"0.0531746031746032";"36";"3";"67";"0.0636942675159236";"6";"6";"0.812244897959184";"0";"1.33333333333333";"10.8888888888889";"3.72222222222222";"51.5731411578632";"9.62024980700638";"0";"0.516397779494322";"-0.33790021955888";"1";"1";"3";"31";"23.6666666666667";"2.0952380952381";"0.166666666666667";"1.16666666666667";"14";"9.66666666666667";"0.952380952380952";"1.14285714285714";"8";"2";"6";"2";"1";"1";"2.66666666666667";"1.33333333333333";"1.33333333333333";"3.74193548387097";"1.93548387096774";"1.80645161290323";"0";"65";"2";"30.6648550189518";"1.4108423691101";"0.408248290463863";"0.408248290463863";"20.7846096908265";"10.0166528008778";"1.4309504001254";"0.478091443733757";NA;NA;NA;NA;NA;NA;"1.52752523165195";"1.15470053837925";"0.577350269189626";"10.3439764821062";"6.81633080120073";"3.59090847222732";"0";"0";1
"86";"Troy_McClure";"0.00905172413793103";"145";"69";"189";"0.17910447761194";"18";"1";"0.0643084490740741";"0.611111111111111";"1.5";"6.29655172413793";"2.60689655172414";"23.3482009425826";"3.15193184087187";"2.59272486435067";"0.857492925712544";"0.0578775330679459";"22";"34";"41";"48";"2.98550724637681";"2.52631578947368";"1";"0.5";"1.17391304347826";"1.81159420289855";"1.57894736842105";"0.947368421052632";"2.22727272727273";"0.818181818181818";"1.40909090909091";"3.82352941176471";"2";"1.82352941176471";"2.90243902439024";"1.34146341463415";"1.5609756097561";"1.66666666666667";"1";"0.666666666666667";"0";"184";"5";"3.40627774083982";"3.2574379895309";"0.685994340570035";"0.923548145182799";"1.96256526110396";"1.91952324288243";"3.22350390780111";"1.40688425546335";"2.63550515952586";"1.76301591264092";"1.29684932888065";"4.96942523495176";"3.95428421289664";"2.28924479058705";"2.80004355366823";"2.33034070575057";"1.71826628448278";"1.09803176587258";"0.875189948987367";"1.07848067547633";"0";"0";1
"87";"U.S._Route_131";"0.0758551307847082";"71";"14";"377";"0.213534361851332";"11";"2";"1.76326530612245";"195.031617665128";"27.3636363636364";"44.830985915493";"10.6197183098592";"244.266199427501";"30.523698613739";"609.889703748089";"75.298436540572";"-0.0148290498967886";"4";"4";"21";"42";"12";"5.90909090909091";"9.36363636363636";"18";"7.92857142857143";"4.07142857142857";"3.45454545454545";"2.45454545454545";"6";"3.25";"2.75";"5.5";"3.5";"2";"10";"6.09523809523809";"3.9047619047619";"11.8571428571429";"5.28571428571429";"6.57142857142857";"0";"368";"9";"13.4564825670352";"6.79883089066903";"23.0142248501779";"52.4385354486565";"9.45812052979047";"4.95307652201811";"4.68771053086063";"3.11376946058949";"4.24264068711928";"3.30403793359983";"1.5";"2.64575131106459";"3.3166247903554";"0.816496580927726";"12.3652739557197";"8.71725164203008";"4.60331143748456";"38.8314503090091";"12.3135572999759";"26.9653281059331";"0";"0";1
"88";"Victoria_Cross_(Canada)";"0.0845588235294118";"17";"5";"23";"0.154639175257732";"5";"0";"0.474609375";"0.2";"1.4";"0.176470588235294";"2.70588235294118";"0.528594139870924";"3.80402263864112";"0.447213595499958";"0.894427190999916";"-0.440158081913282";"2";"0";"4";"11";"5.4";"1.71428571428571";"0.4";"1";"3.6";"1.8";"0.428571428571429";"1.28571428571429";"9";"7.5";"1.5";"NaN";"NaN";"NaN";"3";"1.25";"1.75";"1.45454545454545";"0.272727272727273";"1.18181818181818";"0";"22";"1";"6.58027355054484";"0.755928946018454";"0.547722557505166";"0.707106781186548";"6.42650760522385";"1.30384048104053";"0.786795792469443";"0.487950036474267";"11.3137084989848";"10.6066017177982";"0.707106781186548";NA;NA;NA;"0.816496580927726";"0.957427107756338";"1.5";"0.687551650952329";"0.467099366496914";"0.603022689155527";"0";"0";1
"89";"Villa_Park";"0.0100477423783818";"439";"173";"1932";"0.0832382911096569";"38";"16";"0.639811513521403";"6.42954878905691";"3.94736842105263";"201.553530751709";"8.80182232346241";"1988.68891801714";"31.2216175600216";"29.6366749949081";"2.77972746497141";"-0.0882661793019329";"91";"80";"79";"189";"15.5433526011561";"4.49056603773585";"2.44736842105263";"1.5";"7.30057803468208";"8.24277456647399";"2.61320754716981";"1.87735849056604";"11.6483516483516";"3.92307692307692";"7.72527472527473";"9.9";"5.65";"4.25";"14.8481012658228";"7.89873417721519";"6.94936708860759";"4.43915343915344";"2.64021164021164";"1.7989417989418";"0";"1471";"461";"48.4583808994109";"6.44443296696928";"2.42394996403907";"2.28686023397359";"25.5188450591383";"27.2763424486001";"3.73676686852496";"4.7109891298724";"26.8644224151049";"11.8895199129605";"22.4326478023368";"17.3596359992172";"13.1929210016949";"9.1727444369899";"64.3472328430191";"33.3661101429198";"31.8843658876231";"6.48834891324043";"3.72850890817957";"4.69741881836241";"0";"0";1
"90";"Waiting_(2015_film)";"0.046279155868197";"74";"22";"250";"0.136432541687721";"7";"4";"1.25145430662413";"0";"3.14285714285714";"31.3783783783784";"6.75675675675676";"179.183139360835";"22.3323653642408";"0";"1.3451854182691";"0.0436677683048211";"17";"8";"6";"43";"14.3636363636364";"3.65853658536585";"0.857142857142857";"2.28571428571429";"8.13636363636364";"6.22727272727273";"1.4390243902439";"2.21951219512195";"14.1176470588235";"6.94117647058824";"7.17647058823529";"11";"7.75";"3.25";"4.33333333333333";"2.83333333333333";"1.5";"3.3953488372093";"1.23255813953488";"2.16279069767442";"0";"230";"20";"40.2238326114843";"3.84453999912578";"0.690065559342354";"1.60356745147455";"22.7581392128816";"18.4904912968333";"2.47031152375368";"2.60300014523579";"44.6750522564624";"23.7604466188961";"21.0660725282314";"18.2365410254091";"16.867127793433";"3.19597961731387";"4.13118223595458";"2.40138848724372";"1.87082869338697";"3.36041051123024";"2.27655974059362";"2.21391952103632";"0";"0";1
"91";"War_of_the_League_of_Cambrai";"0.0351575456053068";"135";"43";"636";"0.0883894258763247";"24";"2";"1.26150033415014";"15.8726602564103";"5.79166666666667";"39.2148148148148";"9.42222222222222";"382.455201552319";"30.7239676645893";"53.6307860279981";"4.77292332867911";"-0.0249606988897234";"18";"17";"28";"72";"10.8372093023256";"10.0151515151515";"3.58333333333333";"2.20833333333333";"3.81395348837209";"7.02325581395349";"5.78787878787879";"4.22727272727273";"28.8888888888889";"14.8333333333333";"14.0555555555556";"8.94117647058824";"3.29411764705882";"5.64705882352941";"7.57142857142857";"4.25";"3.32142857142857";"5.38888888888889";"2.69444444444444";"2.69444444444444";"0";"449";"187";"11.9202313667186";"42.8756672697096";"4.10637538963253";"3.12046772785422";"8.4916087823257";"10.2061801354283";"28.0573671397701";"16.5518257924296";"79.688281586581";"53.1969149923742";"28.2227947551416";"12.725322138532";"7.87214000353742";"11.0450281601644";"8.86285871207843";"8.41350325589983";"4.69083875804405";"8.98599153229438";"4.67730176487331";"8.23020696758377";"0";"0";1
"92";"Water_pipit";"0.0160087719298246";"96";"13";"146";"0.07981220657277";"12";"5";"0.324210526315789";"0.194444444444444";"1.41666666666667";"20.3020833333333";"3.04166666666667";"106.138451764582";"7.16264677140579";"0.673575314054563";"0.792961461098759";"-0.159148987362923";"2";"7";"21";"66";"8.76923076923077";"2.10606060606061";"0.916666666666667";"0.5";"4.07692307692308";"4.69230769230769";"1.04545454545455";"1.06060606060606";"1.5";"1";"0.5";"4.42857142857143";"2.71428571428571";"1.71428571428571";"4.90476190476191";"2.33333333333333";"2.57142857142857";"2.34848484848485";"1.15151515151515";"1.1969696969697";"0";"140";"6";"16.9024349634101";"3.44239982426745";"0.792961461098759";"0.904534033733291";"7.06471913173174";"10.1273936708367";"0.732368511313558";"3.48128529703432";"0.707106781186548";"0";"0.707106781186548";"4.64962876142253";"3.40168025708304";"2.1380899352994";"13.5790454815674";"5.47113638409182";"8.17050444324846";"3.788616245229";"1.24335061262733";"3.53975095590591";"0";"0";1
"93";"Witold_Pilecki";"0.0290085586609104";"163";"52";"766";"0.247456487009165";"32";"4";"0.421105776558451";"53.6283159381394";"3.28125";"140.226993865031";"9.39877300613497";"656.592882955131";"18.4967597687266";"156.300945257923";"3.31404026879967";"-0.163098490123242";"24";"22";"24";"93";"19.5";"5.38666666666667";"1.8125";"1.46875";"9.17307692307692";"10.3269230769231";"3.01333333333333";"2.37333333333333";"11.375";"6.04166666666667";"5.33333333333333";"22.2272727272727";"9.86363636363636";"12.3636363636364";"14.0416666666667";"6.5";"7.54166666666667";"4.65591397849462";"2.66666666666667";"1.98924731182796";"0";"586";"180";"25.5108588951573";"13.7348376679801";"2.88977619403526";"1.58591329136934";"14.5072276156406";"16.4766277173196";"10.4977389242885";"4.10922933964092";"10.2185360135819";"6.5240635954213";"8.17028905170471";"31.5533287326798";"18.6937612576151";"17.0392975893275";"22.8272894783313";"11.6916915873586";"17.1944863929936";"12.2505497868249";"9.41937565240709";"3.32151950447485";"0";"0";1
