"";"page";"density";"ncontributors";"nanon";"nedits";"transitivity";"nadmins";"nbots";"centralization";"mean_betweenness_admin";"mean_degree_centrality_admins";"mean_betweenness";"mean_degree_centrality";"sd_betweenness";"sd_degree_centrality";"sd_betweenness_admin";"sd_degree_centrality_admins";"max_discussion_depth";"mean_discussion_depth";"sd_discussion_depth";"degree_assortativity";"nquar1";"nquar2";"nquar3";"nquar4";"mean_degree_anon";"mean_degree_inscrit";"mean_indegree_admin";"mean_outdegree_admin";"mean_indegree_anon";"mean_outdegree_anon";"mean_indegree_inscrit";"mean_outdegree_inscrit";"mean_degree_quar1";"mean_indegree_quar1";"mean_outdegree_quar1";"mean_degree_quar2";"mean_indegree_quar2";"mean_outdegree_quar2";"mean_degree_quar3";"mean_indegree_quar3";"mean_outdegree_quar3";"mean_degree_quar4";"mean_indegree_quar4";"mean_outdegree_quar4";"ninitialized";"nresponded";"sd_degree_anon";"sd_degree_inscrit";"sd_indegree_admin";"sd_outdegree_admin";"sd_indegree_anon";"sd_outdegree_anon";"sd_indegree_inscrit";"sd_outdegree_inscrit";"sd_degree_quar1";"sd_indegree_quar1";"sd_outdegree_quar1";"sd_degree_quar2";"sd_indegree_quar2";"sd_outdegree_quar2";"sd_degree_quar3";"sd_indegree_quar3";"sd_outdegree_quar3";"sd_degree_quar4";"sd_indegree_quar4";"sd_outdegree_quar4";"iscontroversial";"isfeatured"
"1";"2003_Insight_Bowl";"0.0721997300944669";"39";"0";"107";"0.0583153347732181";"3";"1";"1.53289473684211";"0";"1";"26.125";"11.9375";"64.3854782914192";"28.8962944567869";"0";"0";"17";"3.57009345794393";"3.85372191948156";"0.355466331469004";"3";"0";"0";"13";"NaN";"10.8333333333333";"1";"0";"NaN";"NaN";"5.41666666666667";"5.41666666666667";"40.3333333333333";"18.6666666666667";"21.6666666666667";"NaN";"NaN";"NaN";"NaN";"NaN";"NaN";"1";"1";"0";"23";"84";NA;"34.0636658821879";"0";"0";NA;NA;"15.2997821335251";"18.7638837486628";"68.1273317643758";"30.5995642670502";"37.5277674973257";NA;NA;NA;NA;NA;NA;"0";"0";"0";"0";"0"
"2";"Aiphanes";"0.0873737373737374";"45";"0";"173";"0.015748031496063";"4";"2";"2.73476239669421";"0";"1";"45.1111111111111";"12.1481481481481";"102.764979568144";"46.3678467041247";"0";"0";"23";"6.24277456647399";"5.08977741335404";"0.234737359723789";"6";"2";"2";"17";"NaN";"1.04761904761905";"0.75";"0.25";"NaN";"NaN";"0.714285714285714";"0.333333333333333";"1";"0.833333333333333";"0.166666666666667";"1";"0.5";"0.5";"1";"1";"0";"1.29411764705882";"0.764705882352941";"0.529411764705882";"18";"155";NA;"0.218217890235992";"0.5";"0.5";NA;NA;"0.462910049886276";"0.483045891539648";"0";"0.408248290463863";"0.408248290463863";"0";"0.707106781186548";"0.707106781186548";"0";"0";"0";"0.985184366143778";"0.562295714538387";"0.799816155346303";"0";"0"
"3";"Annunciation_(Memling)";"0.176638176638177";"27";"1";"124";"0";"0";"1";"3.81065088757396";"NaN";"NaN";"27.9";"23.1";"59.3603870906816";"62.2565480714903";NA;NA;"20";"6.04838709677419";"5.46660941677787";"0.0374422493058496";"2";"1";"0";"7";"1";"1";"NaN";"NaN";"1";"0";"1";"0";"1";"1";"0";"1";"1";"0";"NaN";"NaN";"NaN";"1";"1";"0";"17";"107";NA;"0";NA;NA;NA;NA;"0";"0";"0";"0";"0";NA;NA;NA;NA;NA;NA;"0";"0";"0";"0";"0"
"4";"Attalus_I";"0.0223367697594502";"97";"22";"208";"0.0554699537750385";"9";"1";"0.698404947916667";"37.7777777777778";"1.22222222222222";"283.347826086957";"5.6231884057971";"393.971476501377";"17.8309887631843";"100.540760114714";"0.440958551844098";"37";"8.24038461538461";"9.07669436125757";"0.489239022370922";"14";"13";"10";"32";"2.59090909090909";"3.21621621621622";"0.888888888888889";"0.333333333333333";"1.27272727272727";"1.31818181818182";"1.81081081081081";"1.40540540540541";"1.64285714285714";"1";"0.642857142857143";"2.23076923076923";"1.15384615384615";"1.07692307692308";"2.8";"1.5";"1.3";"3.375";"1.875";"1.5";"28";"180";"2.06234011580213";"10.1383078117251";"0.333333333333333";"0.5";"0.935125058192151";"1.12911105516321";"4.94322115987495";"5.21993752335675";"0.497245158098847";"0";"0.497245158098847";"1.16575055606865";"0.554700196225229";"0.640512615220349";"3.01109061083632";"1.26929551764398";"1.76698110409314";"10.909451362569";"5.32644043822284";"5.61104900778294";"0";"0"
"5";"Audioslave";"0.00826724524913961";"164";"67";"221";"0.019047619047619";"9";"0";"0.0688396251270277";"29.8888888888889";"1.22222222222222";"93.7333333333333";"3.31666666666667";"145.06519735827";"3.48341408240074";"89.6666666666667";"0.666666666666667";"22";"4.75565610859729";"4.90306278576985";"0.45315769453861";"28";"37";"27";"28";"3.32835820895522";"1.40909090909091";"0.888888888888889";"0.333333333333333";"1.41791044776119";"1.91044776119403";"1.11363636363636";"0.295454545454545";"2";"0.964285714285714";"1.03571428571429";"2.72972972972973";"1.27027027027027";"1.45945945945946";"3.62962962962963";"1.74074074074074";"1.88888888888889";"1.46428571428571";"1.10714285714286";"0.357142857142857";"44";"177";"3.99009402069483";"1.28168097866756";"0.333333333333333";"0.707106781186548";"1.70693109100357";"2.36599228516111";"0.492544843474156";"0.823479443116021";"1.539600717839";"0.744468135135953";"0.922241346139448";"3.89193360004345";"1.72640681198855";"2.20598421716167";"4.35137598174106";"1.58338956265428";"2.90004420832794";"1.52709219826787";"0.628890010655795";"0.989361399507773";"0";"0"
"6";"Baden-Powell_House";"0.0453416149068323";"70";"1";"219";"0.00818926296633303";"7";"3";"1.99768956101659";"0";"1";"125.516129032258";"12.8709677419355";"306.212221720791";"49.5323072586528";"0";"0";"41";"7.55251141552511";"9.23449509324482";"0.394769338528641";"4";"1";"0";"26";"1";"1";"1";"0";"1";"0";"1";"0";"1";"1";"0";"1";"1";"0";"NaN";"NaN";"NaN";"1";"1";"0";"39";"180";NA;"0";"0";"0";NA;NA;"0";"0";"0";"0";"0";NA;NA;NA;NA;NA;NA;"0";"0";"0";"0";"0"
"7";"BAE_Systems";"0.00451359287676423";"460";"89";"953";"0.0194690265486726";"14";"6";"0.58717682183016";"0";"1";"836.285087719298";"7.34210526315789";"3595.48031207463";"37.2437687062227";"0";"0";"65";"6.5299055613851";"10.4779378910669";"0.45992296977983";"60";"41";"44";"83";"1";"1";"1";"0";"1";"0";"1";"0";"1";"1";"0";"1";"1";"0";"1";"1";"0";"1";"1";"0";"232";"721";"0";"0";"0";"0";"0";"0";"0";"0";"0";"0";"0";"0";"0";"0";"0";"0";"0";"0";"0";"0";"0";"0"
"8";"Barton_Fink";"0.00806952203600248";"180";"45";"260";"0.00940438871473354";"8";"1";"0.236259792141319";"0";"1";"155.721739130435";"3.95652173913043";"246.783258088109";"9.04801161092123";"0";"0";"25";"3.46538461538462";"4.60765204637431";"0.209284881408893";"29";"17";"26";"43";"5.77777777777778";"1";"0.875";"0.125";"2.37777777777778";"3.4";"0.950819672131147";"0.0491803278688525";"2.31034482758621";"1";"1.31034482758621";"1.47058823529412";"0.823529411764706";"0.647058823529412";"7.15384615384615";"3.30769230769231";"3.84615384615385";"1.2093023255814";"1";"0.209302325581395";"65";"195";"13.9559190585098";"0";"0.353553390593274";"0.353553390593274";"6.00109417632579";"8.00113628294018";"0.218038949746501";"0.218038949746501";"2.86734631268134";"0.755928946018454";"2.25362324579557";"1.2307338795828";"0.727606875108999";"0.785905247993376";"18.1365758790182";"7.74477491354904";"10.4103498795854";"1.37248713299344";"0.534522483824849";"0.940064322391058";"0";"0"
"9";"Battle_of_Ceresole";"0.0291922739244952";"68";"12";"133";"0.0077319587628866";"3";"1";"1.14435286255291";"0";"1";"46.0277777777778";"6.5";"90.2787702021153";"25.5594544989856";"0";"0";"30";"6.33834586466165";"7.47712391843231";"0.549437534031298";"4";"5";"13";"14";"1.16666666666667";"1";"1";"0";"0.833333333333333";"0.333333333333333";"1";"0";"1";"0.75";"0.25";"1.2";"1";"0.2";"1.07692307692308";"0.923076923076923";"0.153846153846154";"1";"1";"0";"32";"101";"0.389249472080761";"0";"0";"0";"0.389249472080761";"0.492365963917331";"0";"0";"0";"0.5";"0.5";"0.447213595499958";"0";"0.447213595499958";"0.277350098112615";"0.277350098112615";"0.375533808099405";"0";"0";"0";"0";"0"
"10";"Battle_of_Hochkirch";"0.0383631713554987";"69";"5";"180";"0.00662251655629139";"4";"1";"1.62489186851211";"0";"1";"32.6111111111111";"9.08333333333333";"43.0715536074418";"36.7985830472549";"0";"0";"28";"6.76666666666667";"7.19023235652243";"0.644058314338057";"7";"2";"6";"21";"1.2";"1";"1";"0";"0.6";"0.6";"1";"0";"1";"1";"0";"1.5";"0.5";"1";"1";"0.833333333333333";"0.166666666666667";"1";"1";"0";"33";"147";"0.447213595499958";"0";"0";"0";"0.547722557505166";"0.547722557505166";"0";"0";"0";"0";"0";"0.707106781186548";"0.707106781186548";"0";"0";"0.408248290463863";"0.408248290463863";"0";"0";"0";"0";"0"
"11";"Battle_of_the_Nile";"0.0526315789473684";"20";"2";"20";"0";"1";"0";"0.138504155124654";"0";"1";"7.5";"3.5";"6.48074069840786";"2";NA;NA;"4";"0.8";"1.19648608323224";"-0.0782780363856437";"1";"1";"3";"3";"1";"1";"1";"0";"1";"0";"1";"0";"1";"1";"0";"1";"1";"0";"1";"1";"0";"1";"1";"0";"12";"8";"0";"0";NA;NA;"0";"0";"0";"0";NA;NA;NA;NA;NA;NA;"0";"0";"0";"0";"0";"0";"0";"0"
"12";"Ben_Crosby";"0.119458128078818";"29";"0";"97";"0.0408163265306122";"4";"2";"2.50255102040816";"0";"1";"23.6875";"11.3125";"44.7775520396847";"34.9260528354789";"0";"0";"15";"4.83505154639175";"3.99134587882316";"0.435395192855858";"4";"0";"0";"12";"NaN";"1.2";"0.75";"0.25";"NaN";"NaN";"1";"0.2";"1.5";"1";"0.5";"NaN";"NaN";"NaN";"NaN";"NaN";"NaN";"1.08333333333333";"0.916666666666667";"0.166666666666667";"13";"84";NA;"0.632455532033676";"0.5";"0.5";NA;NA;"0";"0.632455532033676";"1";"0";"1";NA;NA;NA;NA;NA;NA;"0.288675134594813";"0.288675134594813";"0.389249472080761";"0";"0"
"13";"California_condor";"0.0156203949307398";"117";"20";"212";"0.0243024302430243";"2";"0";"0.484207788347206";"0";"1";"60.1739130434783";"7.67391304347826";"92.8367187731569";"18.3485444143562";"0";"0";"19";"3.81603773584906";"4.33098911225974";"0.368975686994736";"11";"10";"14";"11";"1";"1";"1";"0";"1";"0";"1";"0";"1";"1";"0";"1";"1";"0";"1";"1";"0";"1";"1";"0";"71";"141";"0";"0";"0";"0";"0";"0";"0";"0";"0";"0";"0";"0";"0";"0";"0";"0";"0";"0";"0";"0";"0";"0"
"14";"Charles_Edward_Magoon";"0.0199195171026157";"71";"12";"99";"0.0347107438016529";"8";"1";"0.4";"5.125";"1.25";"60.1777777777778";"3.82222222222222";"152.971074046532";"8.73677933401738";"12.2525507548428";"0.462910049886276";"24";"4.96969696969697";"6.06672850927045";"0.12812561717445";"10";"8";"4";"23";"1.58333333333333";"1.125";"0.875";"0.375";"0.25";"1.33333333333333";"0.958333333333333";"0.166666666666667";"1.1";"0.8";"0.3";"1.75";"0.5";"1.25";"1.25";"0.25";"1";"1.17391304347826";"0.91304347826087";"0.260869565217391";"26";"73";"0.792961461098759";"0.337831962346088";"0.353553390593274";"0.517549169506766";"0.452267016866645";"0.65133894727893";"0.204124145231932";"0.380693493813441";"0.316227766016838";"0.421637021355784";"0.483045891539648";"0.886405260427918";"0.534522483824849";"0.886405260427918";"0.5";"0.5";"0.816496580927726";"0.38755338788159";"0.28810406552003";"0.44897775854488";"0";"0"
"15";"Common_raven";"0.00474365991607371";"406";"111";"780";"0.0397196261682243";"12";"7";"0.318262459990855";"43.4166666666667";"1.58333333333333";"1635.41935483871";"5.13620071684588";"3361.47820666202";"17.4670114945143";"101.053053872556";"0.996204919895622";"47";"8.41025641025641";"9.4173465398706";"0.54390477375699";"72";"46";"67";"94";"3.81981981981982";"1.73825503355705";"1.08333333333333";"0.5";"1.67567567567568";"2.14414414414414";"1.20134228187919";"0.536912751677852";"3.47222222222222";"1.625";"1.84722222222222";"3.93478260869565";"1.89130434782609";"2.04347826086957";"2.25373134328358";"1.28358208955224";"0.970149253731343";"1.41489361702128";"1.02127659574468";"0.393617021276596";"127";"653";"5.51724272077704";"4.29392401202035";"0.288675134594813";"0.797724035217466";"2.59076037333431";"3.05360248304984";"1.8958698558788";"2.43155908702372";"6.42392583714891";"2.85537545938962";"3.66813350941313";"6.77053148714024";"3.18488277034957";"3.7115826018867";"3.94024796782412";"1.77359393860835";"2.23586570078152";"1.07172431124504";"0.414228740617884";"0.806133545146452";"0";"0"
"16";"Common_starling";"0.00706114955514758";"292";"55";"600";"0.0215529151699364";"13";"6";"0.541183972792008";"0";"1.07692307692308";"1290.04324324324";"5.90810810810811";"2373.34704822664";"26.1876005588853";"0";"0.277350098112615";"43";"6.715";"7.61952778542004";"0.560221138454896";"44";"19";"48";"74";"5.72727272727273";"1.25225225225225";"0.846153846153846";"0.230769230769231";"2.67272727272727";"3.05454545454545";"1";"0.252252252252252";"5.54545454545455";"2.77272727272727";"2.77272727272727";"3.15789473684211";"1.52631578947368";"1.63157894736842";"1.72916666666667";"1.04166666666667";"0.6875";"1.18918918918919";"0.986486486486487";"0.202702702702703";"107";"493";"20.6616970238585";"0.780075386432368";"0.375533808099405";"0.599144689515278";"9.75069711744213";"10.9179060904861";"0.301511344577764";"0.62476858942795";"23.1440931692256";"10.8774647276208";"12.2756397765611";"3.37084160105681";"1.64547936455651";"1.8015587792486";"1.08646573872278";"0.503533612870859";"0.803085803952877";"0.734206788005095";"0.350859736375384";"0.572897698910768";"0";"0"
"17";"Cyclone_Rewa";"0.134126984126984";"36";"1";"169";"0.0176817288801572";"3";"1";"4.12326530612245";"0";"1";"35";"28.4545454545455";"81.5928918472682";"86.754093432372";"0";"0";"63";"13.9704142011834";"18.0087366481036";"0.160627943598386";"4";"1";"0";"6";"1";"1";"1";"0";"1";"0";"1";"0";"1";"1";"0";"1";"1";"0";"NaN";"NaN";"NaN";"1";"1";"0";"25";"144";NA;"0";"0";"0";NA;NA;"0";"0";"0";"0";"0";NA;NA;NA;NA;NA;NA;"0";"0";"0";"0";"0"
"18";"Damon_Hill";"0.0216008771929825";"96";"13";"197";"0.0235955056179775";"4";"0";"0.903601108033241";"0";"1";"106.142857142857";"7.08163265306122";"126.528561407501";"24.9615009687367";"0";"0";"23";"3.92893401015228";"4.88594667165701";"0.353217326634666";"9";"4";"10";"26";"1";"1.03125";"1";"0";"0.923076923076923";"0.0769230769230769";"1";"0.03125";"1.11111111111111";"1";"0.111111111111111";"1";"1";"0";"1";"0.9";"0.1";"1";"1";"0";"47";"150";"0";"0.176776695296637";"0";"0";"0.277350098112615";"0.277350098112615";"0";"0.176776695296637";"0.333333333333333";"0";"0.333333333333333";"0";"0";"0";"0";"0.316227766016838";"0.316227766016838";"0";"0";"0";"0";"0"
"19";"Death_Valley_National_Park";"0.0203013278855975";"89";"8";"159";"0.0134649910233393";"10";"0";"0.83567923553719";"0";"1";"62.8695652173913";"5.97826086956522";"173.360973270053";"21.6912569488106";"0";"0";"16";"3.37735849056604";"3.88388303230746";"0.24127203671093";"9";"5";"13";"19";"1.25";"1";"1";"0";"0.75";"0.5";"1";"0";"1.22222222222222";"0.888888888888889";"0.333333333333333";"1";"0.8";"0.2";"1";"1";"0";"1";"1";"0";"43";"116";"0.462910049886276";"0";"0";"0";"0.462910049886276";"0.755928946018454";"0";"0";"0.440958551844098";"0.333333333333333";"0.707106781186548";"0";"0.447213595499958";"0.447213595499958";"0";"0";"0";"0";"0";"0";"0";"0"
"20";"Deathrow_(video_game)";"0.017083644510829";"104";"14";"183";"0.00642398286937901";"2";"2";"0.76208879253464";"0";"1";"16.3478260869565";"6.69565217391304";"40.3144404187903";"23.9822800928958";"0";"0";"24";"4.47540983606557";"6.17137994803266";"0.706609117725652";"16";"8";"8";"14";"1";"1";"1";"0";"1";"0";"1";"0";"1";"1";"0";"1";"1";"0";"1";"1";"0";"1";"1";"0";"58";"125";"0";"0";"0";"0";"0";"0";"0";"0";"0";"0";"0";"0";"0";"0";"0";"0";"0";"0";"0";"0";"0";"0"
"21";"Dilwale_Dulhania_Le_Jayenge";"0.00760605861910694";"303";"91";"696";"0.0166260252715584";"8";"5";"0.897674444103329";"23.375";"1.375";"411.628571428571";"6.18571428571429";"1259.28443571655";"38.5284184647081";"66.1144840409422";"0.744023809142845";"62";"10.2729885057471";"12.4499650217016";"0.55862171409021";"67";"56";"37";"50";"10.5934065934066";"1.52830188679245";"1";"0.375";"4.96703296703297";"5.62637362637363";"1.10377358490566";"0.424528301886792";"12.0597014925373";"5.85074626865672";"6.2089552238806";"3.05357142857143";"1.60714285714286";"1.44642857142857";"2.18918918918919";"1.18918918918919";"1";"1.66";"1.12";"0.54";"93";"603";"58.3575146112265";"1.93812647466721";"0";"0.744023809142845";"28.3429201622049";"30.0239342864427";"0.660868768516382";"1.32340191647311";"67.9676573256265";"32.9987390628441";"34.9794473479884";"4.75746167177851";"1.96957375571995";"2.82147377902299";"3.05357566212536";"1.28750054666305";"1.84089350286454";"2.59206009000642";"0.872247858427071";"1.76369278642794";"0";"0"
"22";"Distributed_element_filter";"0.114102564102564";"40";"3";"178";"0.0123456790123457";"3";"1";"3.0913872452334";"0";"1";"38.1";"16.8";"109.186778648236";"53.9918122447625";"0";"0";"29";"8.15730337078652";"7.46653381097173";"0.239690099303178";"4";"3";"2";"11";"1";"1";"1";"0";"1";"0";"1";"0";"1";"1";"0";"1";"1";"0";"1";"1";"0";"1";"1";"0";"20";"158";"0";"0";"0";"0";"0";"0";"0";"0";"0";"0";"0";"0";"0";"0";"0";"0";"0";"0";"0";"0";"0";"0"
"23";"Effects_of_Hurricane_Isabel_in_Maryland_and_Washington,_D.C.";"0.266666666666667";"16";"0";"64";"0";"2";"0";"3.69777777777778";"0";"1";"13.3333333333333";"38.3333333333333";"13.0128141972954";"63.7991640488599";"0";"0";"9";"3.3125";"2.70728001495322";"0.122191961994384";"0";"0";"0";"3";"NaN";"1";"1";"0";"NaN";"NaN";"1";"0";"NaN";"NaN";"NaN";"NaN";"NaN";"NaN";"NaN";"NaN";"NaN";"1";"1";"0";"13";"51";NA;NA;"0";"0";NA;NA;NA;NA;NA;NA;NA;NA;NA;NA;NA;NA;NA;"0";"0";"0";"0";"0"
"24";"Ernest_Emerson";"0.035499222999223";"144";"17";"731";"0.0103366021733369";"5";"4";"3.89011687613086";"0";"1";"210.451612903226";"22.258064516129";"760.873597772875";"141.216835419962";"0";"0";"46";"10.3871409028728";"10.5384773876487";"0.436233868537362";"16";"12";"8";"25";"1";"1";"1";"0";"1";"0";"1";"0";"1";"1";"0";"1";"1";"0";"1";"1";"0";"1";"1";"0";"83";"648";"0";"0";"0";"0";"0";"0";"0";"0";"0";"0";"0";"0";"0";"0";"0";"0";"0";"0";"0";"0";"0";"0"
"25";"Ernest_Joyce";"0.0347786811201445";"82";"1";"231";"0.00354609929078014";"7";"2";"1.88324950464868";"0";"1";"300.1875";"12.875";"317.183211277219";"53.8383182884554";"0";"0";"26";"5.07359307359307";"5.93066786976956";"0.476885499011491";"5";"0";"2";"25";"1";"1";"1";"0";"1";"0";"1";"0";"1";"1";"0";"NaN";"NaN";"NaN";"1";"1";"0";"1";"1";"0";"50";"181";NA;"0";"0";"0";NA;NA;"0";"0";"0";"0";"0";NA;NA;NA;"0";"0";"0";"0";"0";"0";"0";"0"
"26";"Fallout_4._Far_Harbor";"0.137310606060606";"33";"0";"145";"0.093167701863354";"3";"1";"2.8876953125";"0";"1";"36";"16.1176470588235";"89.3183432443151";"44.4548680587137";"0";"0";"37";"9.88965517241379";"9.27520383227604";"0.246523854085438";"4";"0";"1";"12";"NaN";"1";"0.666666666666667";"0.333333333333333";"NaN";"NaN";"1";"0";"1";"1";"0";"NaN";"NaN";"NaN";"1";"1";"0";"1";"0.916666666666667";"0.0833333333333333";"16";"129";NA;"0";"0.577350269189626";"0.577350269189626";NA;NA;"0";"0";"0";"0";"0";NA;NA;NA;NA;NA;NA;"0";"0.288675134594813";"0.288675134594813";"0";"0"
"27";"Fauna_of_Scotland";"0.0220035778175313";"130";"16";"369";"0.0200812813770022";"4";"4";"1.30587104140376";"158.25";"1.5";"213.795454545455";"7.90909090909091";"854.844060141869";"37.2782751943126";"205.258170767126";"0.577350269189626";"25";"6.63685636856369";"5.61813318865881";"0.0571685443655733";"30";"7";"12";"39";"2.8125";"1.46875";"1";"0.5";"1.25";"1.5625";"0.9375";"0.53125";"1.76666666666667";"0.966666666666667";"0.8";"3";"1.28571428571429";"1.71428571428571";"1.25";"0.75";"0.5";"1.53846153846154";"1";"0.538461538461538";"42";"327";"2.40052077683156";"1.08333333333333";"0";"0.577350269189626";"1.12546286774228";"1.31497781983829";"0.5";"0.815888842413354";"1.25074690329097";"0.490132517853561";"0.961320930300845";"3.55902608401044";"1.70433620649269";"1.88982236504614";"0.452267016866645";"0.452267016866645";"0.522232967867094";"1.12029492935786";"0.512989176042577";"0.789608625444605";"0";"0"
"28";"Florence_Nagle";"0.179429429429429";"37";"2";"239";"0.230769230769231";"3";"1";"2.98456790123457";"0";"1";"57.6363636363636";"21.0454545454545";"100.321801467251";"47.3421962923516";"0";"0";"60";"14.1087866108787";"14.0636565329264";"0.64198825402753";"10";"0";"0";"12";"5";"1.6875";"1";"0";"2.5";"2.5";"1.1875";"0.5";"2.6";"1.5";"1.1";"NaN";"NaN";"NaN";"NaN";"NaN";"NaN";"1.25";"1.08333333333333";"0.166666666666667";"15";"224";"4.24264068711928";"1.19547758936195";"0";"0";"2.12132034355964";"2.12132034355964";"0.403112887414928";"0.816496580927726";"2.22111083319436";"0.97182531580755";"1.28668393770792";NA;NA;NA;NA;NA;NA;"0.866025403784439";"0.288675134594813";"0.577350269189626";"0";"0"
"29";"Florida_Atlantic_University";"0.0113174182139699";"261";"67";"768";"0.0083955223880597";"6";"1";"1.50406065088757";"0";"1";"360.057851239669";"11.5371900826446";"1678.77595507888";"72.5568789895571";"0";"0";"28";"5.83723958333333";"6.15283983234562";"0.46742612472452";"28";"44";"21";"28";"1";"1";"1";"0";"1";"0";"1";"0";"1";"1";"0";"1";"1";"0";"1";"1";"0";"1";"1";"0";"140";"628";"0";"0";"0";"0";"0";"0";"0";"0";"0";"0";"0";"0";"0";"0";"0";"0";"0";"0";"0";"0";"0";"0"
"30";"Georges_Bizet";"0.00769230769230769";"156";"48";"186";"0.00691244239631336";"6";"3";"0.154588969823101";"174.583333333333";"3.33333333333333";"480.444444444444";"2.71428571428571";"548.382042821324";"4.5849443056284";"266.46058182528";"4.27395211328656";"54";"13.6290322580645";"15.0216786095164";"0.314973589028079";"34";"22";"18";"52";"3.14583333333333";"1.85507246376812";"1.83333333333333";"1.5";"1.4375";"1.70833333333333";"1.02898550724638";"0.826086956521739";"1.97058823529412";"0.941176470588235";"1.02941176470588";"1.90909090909091";"0.954545454545455";"0.954545454545455";"4.5";"2.16666666666667";"2.33333333333333";"2.25";"1.21153846153846";"1.03846153846154";"30";"156";"6.94657295985041";"1.94237091568103";"2.04124145231932";"2.25831795812724";"3.20840816897155";"3.75277674973257";"0.873987052211833";"1.19995737349696";"1.02942449699282";"0.488732217104265";"0.717119410945184";"0.610159300752166";"0.375090176747726";"0.485727017913082";"11.3668765434019";"5.20463594251487";"6.17394906513032";"2.58103946228692";"1.1937178446389";"1.48140815974079";"0";"0"
"31";"Globular_cluster";"0.0102283337577455";"154";"35";"241";"0.0194678780012979";"9";"4";"0.51599812038105";"136.222222222222";"1.44444444444444";"504.394736842105";"3.87719298245614";"938.278268721417";"14.8444085900115";"368.193148285576";"1.0137937550497";"45";"8.21576763485477";"10.1642305994657";"0.33206154380551";"29";"17";"25";"42";"2.37142857142857";"1.66153846153846";"1.11111111111111";"0.333333333333333";"1.05714285714286";"1.31428571428571";"1";"0.661538461538462";"2.06896551724138";"0.96551724137931";"1.10344827586207";"2.17647058823529";"0.941176470588235";"1.23529411764706";"1.88";"1.08";"0.8";"1.73809523809524";"1.14285714285714";"0.595238095238095";"41";"200";"1.41599506242314";"1.29031153065988";"0.333333333333333";"0.707106781186548";"0.802307596244481";"0.676123403782813";"0.612372435695794";"0.888765349321094";"1.36096169996384";"0.778403064003002";"0.81699919506023";"1.18507880105328";"0.658652814016432";"0.664211164155071";"1.4525839046334";"0.702376916856849";"0.866025403784439";"1.60880994965941";"0.683300047346576";"1.01355505245991";"0";"0"
"32";"Gobrecht_dollar";"0.0346901017576318";"47";"3";"75";"0.0222222222222222";"6";"1";"0.608695652173913";"0";"1";"6.88461538461539";"4.96153846153846";"13.8861857198496";"11.2338088615777";"0";"0";"15";"3.28";"3.80099560215052";"0.431007603642382";"9";"2";"4";"11";"2";"1.125";"1";"0";"1";"1";"0.9375";"0.1875";"1.44444444444444";"0.888888888888889";"0.555555555555556";"1.5";"1";"0.5";"1";"1";"0";"1";"1";"0";"21";"54";"0";"0.5";"0";"0";"0";"0";"0.25";"0.543905629069357";"0.726483157256779";"0.333333333333333";"0.726483157256779";"0.707106781186548";"0";"0.707106781186548";"0";"0";"0";"0";"0";"0";"0";"0"
"33";"Harvey_Kurtzman's_Jungle_Book";"0.121153846153846";"40";"2";"189";"0.00845070422535211";"3";"0";"3.99145299145299";"0";"1";"44.2631578947368";"18.7894736842105";"134.594387411983";"71.2659954344508";"0";"0";"25";"6.96296296296296";"6.05855327367001";"0.0643199862710588";"8";"0";"2";"9";"1";"1";"1";"0";"1";"0";"1";"0";"1";"1";"0";"NaN";"NaN";"NaN";"1";"1";"0";"1";"1";"0";"21";"168";"0";"0";"0";"0";"0";"0";"0";"0";"0";"0";"0";NA;NA;NA;"0";"0";"0";"0";"0";"0";"0";"0"
"34";"Hawksbill_sea_turtle";"0.00651232825145869";"231";"63";"346";"0.0142857142857143";"9";"6";"0.379914933837429";"0";"1";"477.144736842105";"4.03289473684211";"764.018858708217";"14.3800900637132";"0";"0";"50";"7.46242774566474";"10.431003336722";"0.656294770029422";"43";"34";"25";"49";"3.19047619047619";"1.26027397260274";"1";"0";"1.33333333333333";"1.85714285714286";"1.05479452054795";"0.205479452054795";"2.62790697674419";"1.27906976744186";"1.34883720930233";"2.5";"1.20588235294118";"1.29411764705882";"2.36";"1.28";"1.08";"1.10204081632653";"0.979591836734694";"0.122448979591837";"80";"266";"3.43538110229016";"1.45322818102276";"0";"0";"1.6461097835062";"1.908023321501";"0.49694653632917";"0.985434254382709";"3.89763820924778";"1.65220749007342";"2.37931283527541";"2.19158168979171";"1.09487543956561";"1.29168463560614";"2.5475478405714";"1.13724814061547";"1.52534149181967";"0.467479855144568";"0.142857142857143";"0.484452141651805";"0";"0"
"35";"Heian_Palace";"0.0379072681704261";"57";"14";"121";"0.036036036036036";"5";"0";"0.979272959183674";"0";"1";"39.9032258064516";"6.96774193548387";"78.7694335127147";"19.8569616188173";"0";"0";"14";"4.24793388429752";"4.09731821182168";"0.562150671964586";"8";"4";"7";"11";"1.07142857142857";"1";"1";"0";"0.785714285714286";"0.285714285714286";"1";"0";"1";"1";"0";"1.25";"0.5";"0.75";"1";"0.857142857142857";"0.142857142857143";"1";"1";"0";"27";"94";"0.267261241912424";"0";"0";"0";"0.42581531362632";"0.611249845502127";"0";"0";"0";"0";"0";"0.5";"0.577350269189626";"0.957427107756338";"0";"0.377964473009227";"0.377964473009227";"0";"0";"0";"0";"0"
"36";"Heidi_Game";"0.0152475247524752";"101";"35";"154";"0.0260115606936416";"7";"1";"0.0957";"276.428571428571";"2";"292.214285714286";"3.46428571428571";"356.813223437649";"3.3236879957793";"405.972025777991";"1.4142135623731";"58";"13.9935064935065";"16.2772132128655";"0.170157531662191";"18";"16";"18";"32";"3.42857142857143";"2.48780487804878";"1.14285714285714";"0.857142857142857";"1.62857142857143";"1.8";"1.34146341463415";"1.14634146341463";"2.94444444444444";"1.5";"1.44444444444444";"3.6875";"1.75";"1.9375";"2.33333333333333";"1.16666666666667";"1.16666666666667";"2.59375";"1.375";"1.21875";"17";"137";"3.81395050930069";"2.06303115850818";"0.690065559342354";"0.899735410842437";"1.86430422734618";"1.96738106001204";"0.964617957990649";"1.19500994995347";"4.81996121807954";"2.40709734889531";"2.45482052110733";"2.72564976962681";"1.12546286774228";"1.6111590031196";"1.23669388480168";"0.514495755427527";"0.785905247993376";"2.21227331625332";"1.09985336266015";"1.21108788738379";"0";"0"
"37";"Here_We_Go_Again_(Ray_Charles_song)";"0.12202380952381";"49";"4";"287";"0.0223463687150838";"3";"1";"4.3203125";"0";"1";"63.12";"22";"154.539337629615";"83.1980568683348";"0";"0";"57";"11.9024390243902";"12.7393542959019";"0.39909218101648";"8";"1";"2";"14";"1";"1";"1";"0";"0.75";"0.25";"1";"0";"1";"1";"0";"1";"0";"1";"1";"1";"0";"1";"1";"0";"24";"263";"0";"0";"0";"0";"0.5";"0.5";"0";"0";"0";"0";"0";NA;NA;NA;"0";"0";"0";"0";"0";"0";"0";"0"
"38";"Homework_(Daft_Punk_album)";"0.0188312948941953";"102";"23";"194";"0.037037037037037";"0";"5";"0.545926869914714";"NaN";"NaN";"231.10447761194";"5.26865671641791";"386.397988589107";"14.9874514072073";NA;NA;"31";"6.54639175257732";"7.12584236424992";"0.641165581926648";"20";"12";"10";"25";"8.1304347826087";"1.33333333333333";"NaN";"NaN";"3.73913043478261";"4.39130434782609";"1";"0.333333333333333";"2.65";"1.35";"1.3";"11.75";"5.5";"6.25";"1.6";"1.1";"0.5";"1.48";"1.08";"0.4";"35";"159";"23.0420649876108";"1.00873379027825";NA;NA;"10.8175673256906";"12.2316249215443";"0.397359707119513";"0.772328445721233";"3.31305233726751";"1.38696943388321";"2.02874085917453";"31.9064684237025";"14.9757379541954";"16.9336942218761";"1.26491106406735";"0.316227766016838";"0.97182531580755";"1.12249721603218";"0.4";"0.816496580927726";"0";"0"
"39";"Hudson_Valley_Rail_Trail";"0.459558823529412";"17";"1";"125";"0.0365853658536585";"0";"0";"6.783203125";"NaN";"NaN";"9.33333333333333";"39.8333333333333";"17.2935440747889";"87.9168167455275";NA;NA;"37";"11.216";"9.87468578511938";"0.372999174363494";"3";"0";"0";"3";"1";"1";"NaN";"NaN";"1";"0";"1";"0";"1";"1";"0";"NaN";"NaN";"NaN";"NaN";"NaN";"NaN";"1";"1";"0";"11";"114";NA;"0";NA;NA;NA;NA;"0";"0";"0";"0";"0";NA;NA;NA;NA;NA;NA;"0";"0";"0";"0";"0"
"40";"Hydnellum_peckii";"0.0285310734463277";"60";"10";"101";"0.033457249070632";"6";"2";"0.651824188451594";"0";"1";"82";"5.3030303030303";"164.28177013899";"13.6186564326406";"0";"0";"11";"2.46534653465347";"2.65542597876741";"0.20395011909927";"9";"6";"1";"17";"1.1";"1";"1";"0";"0.5";"0.6";"1";"0";"1";"0.666666666666667";"0.333333333333333";"1.16666666666667";"0.666666666666667";"0.5";"1";"1";"0";"1";"1";"0";"27";"74";"0.316227766016838";"0";"0";"0";"0.52704627669473";"0.516397779494322";"0";"0";"0";"0.5";"0.5";"0.408248290463863";"0.516397779494322";"0.547722557505166";NA;NA;NA;"0";"0";"0";"0";"0"
"41";"If_Day";"0.0443262411347518";"48";"7";"100";"0.04";"6";"0";"1.00860117700317";"0.333333333333333";"1.33333333333333";"45.5806451612903";"5.90322580645161";"88.0896415376777";"17.2266360397877";"0.816496580927726";"0.816496580927726";"25";"6.77";"6.55490409363613";"0.50789254386405";"9";"4";"3";"15";"1.85714285714286";"1.27777777777778";"0.833333333333333";"0.5";"0.857142857142857";"1";"0.888888888888889";"0.388888888888889";"1.22222222222222";"0.888888888888889";"0.333333333333333";"2";"1";"1";"1.66666666666667";"0.666666666666667";"1";"1.33333333333333";"0.866666666666667";"0.466666666666667";"17";"83";"0.377964473009227";"0.574513149960142";"0.408248290463863";"0.836660026534076";"0.377964473009227";"0";"0.323380833381777";"0.777544316035229";"0.440958551844098";"0.333333333333333";"0.5";"0";"0";"0";"0.577350269189626";"0.577350269189626";"0";"0.723746864455746";"0.351865775274498";"0.915475416434127";"0";"0"
"42";"Indian_Head_gold_pieces";"0.0869565217391304";"23";"0";"44";"0";"1";"1";"1.16838842975207";"0";"1";"12.625";"9.125";"21.5203392166573";"18.0431031540745";NA;NA;"5";"1.31818181818182";"1.30780709893846";"0.288897250101439";"0";"1";"0";"7";"NaN";"1";"1";"0";"NaN";"NaN";"1";"0";"NaN";"NaN";"NaN";"1";"1";"0";"NaN";"NaN";"NaN";"1";"1";"0";"15";"29";NA;"0";NA;NA;NA;NA;"0";"0";NA;NA;NA;NA;NA;NA;NA;NA;NA;"0";"0";"0";"0";"0"
"43";"Jake_Gyllenhaal";"0.00648628613787991";"285";"116";"525";"0.0271084337349398";"12";"0";"0.201968855385836";"213.666666666667";"1.33333333333333";"718.925581395349";"4.55813953488372";"1426.81627768099";"11.768606912971";"705.024478405903";"0.65133894727893";"96";"14.0571428571429";"20.9558007106436";"0.672222429041735";"58";"58";"53";"46";"5.93965517241379";"1.35632183908046";"0.833333333333333";"0.5";"2.77586206896552";"3.16379310344828";"0.977011494252874";"0.379310344827586";"3.94827586206897";"2.03448275862069";"1.91379310344828";"5.67241379310345";"2.62068965517241";"3.05172413793103";"3.75471698113208";"1.94339622641509";"1.81132075471698";"1.43478260869565";"0.956521739130435";"0.478260869565217";"70";"455";"15.695631512485";"1.07807981210191";"0.389249472080761";"0.674199862463242";"7.55511483168456";"8.16561610393371";"0.549355044559186";"0.73518514216749";"11.3839259003659";"5.60690525779355";"5.79559567426858";"15.9949421073899";"7.51332754138282";"8.52122718654246";"11.6699905417821";"5.67523328676595";"6.01298787809031";"1.00337594401309";"0.514523371205729";"0.752451709333713";"0";"0"
"44";"Japanese_battleship_Musashi";"0.0112709317303564";"137";"19";"210";"0.021015761821366";"10";"2";"0.296036980968858";"29.8";"1.4";"138.81914893617";"4.01063829787234";"225.069939560776";"9.21370494035813";"53.3704037833704";"0.699205898780101";"25";"5.4";"5.92553472038499";"0.47897482232016";"20";"9";"16";"49";"3.05263157894737";"2.98412698412698";"0.7";"0.7";"1.31578947368421";"1.73684210526316";"1.66666666666667";"1.31746031746032";"2.75";"1.45";"1.3";"3.11111111111111";"1.33333333333333";"1.77777777777778";"2.125";"1.1875";"0.9375";"2.95918367346939";"1.59183673469388";"1.36734693877551";"43";"167";"1.89952287022371";"10.4194174555321";"0.483045891539648";"0.674948557710553";"0.945905302926917";"1.04573765900535";"4.48294258200441";"5.95365270592388";"3.10983160823523";"1.50350467767462";"1.68897352819616";"1.90029237516523";"0.866025403784439";"1.092906420717";"1.92786583212283";"0.834166250416147";"1.23659478676997";"11.6832486629245";"5.0287439093796";"6.67611999826939";"0";"0"
"45";"Kill_'Em_All";"0.00710059171597633";"170";"51";"204";"0.0115384615384615";"5";"0";"0.0464269458352299";"5.6";"1.2";"147.050420168067";"3";"271.08941700578";"3.04207779126958";"12.5219806739988";"0.447213595499958";"29";"4.93627450980392";"6.24624875351403";"-0.0649706917293438";"29";"36";"23";"31";"2.92156862745098";"1.28571428571429";"1";"0.2";"1.11764705882353";"1.80392156862745";"0.936507936507937";"0.349206349206349";"2.13793103448276";"1.03448275862069";"1.10344827586207";"2.47222222222222";"1.05555555555556";"1.41666666666667";"2";"1.17391304347826";"0.826086956521739";"1.25806451612903";"0.838709677419355";"0.419354838709677";"51";"153";"3.21149894756266";"1.19715484524864";"0";"0.447213595499958";"1.19410315841688";"2.15424796941427";"0.61887035155416";"0.786144740812673";"2.01288949968224";"0.905647306811529";"1.31867973979948";"2.87338636565799";"0.892650769800484";"2.14309522486919";"3.34392257413628";"1.33662308255624";"2.08134951660616";"0.575484835333586";"0.373878250552983";"0.620440356971675";"0";"0"
"46";"Koli_Point_action";"0.0913978494623656";"31";"0";"85";"0";"2";"2";"1.83444444444444";"26";"1.5";"52.9411764705882";"9.17647058823529";"49.9705795796828";"26.5618036240897";"36.7695526217005";"0.707106781186548";"21";"6.08235294117647";"5.51450849319943";"0.493378236657164";"2";"0";"0";"15";"NaN";"1.07692307692308";"1";"0.5";"NaN";"NaN";"0.923076923076923";"0.153846153846154";"1";"1";"0";"NaN";"NaN";"NaN";"NaN";"NaN";"NaN";"1.13333333333333";"0.933333333333333";"0.2";"14";"71";NA;"0.277350098112615";"0";"0.707106781186548";NA;NA;"0.277350098112615";"0.375533808099405";"0";"0";"0";NA;NA;NA;NA;NA;NA;"0.351865775274498";"0.258198889747161";"0.414039335605413";"0";"0"
"47";"Larrys_Creek";"0.0344234079173838";"84";"5";"240";"0.00709779179810726";"4";"1";"2.00754826535056";"0";"1";"34.9032258064516";"13.7741935483871";"153.741634967827";"59.7454096855534";"0";"0";"26";"5.3375";"5.84301696731532";"0.382362202845384";"5";"6";"2";"18";"1";"1";"1";"0";"1";"0";"1";"0";"1";"1";"0";"1";"1";"0";"1";"1";"0";"1";"1";"0";"53";"187";"0";"0";"0";"0";"0";"0";"0";"0";"0";"0";"0";"0";"0";"0";"0";"0";"0";"0";"0";"0";"0";"0"
"48";"Lat";"0.0118520859671302";"113";"24";"150";"0.00483870967741936";"4";"5";"0.330357142857143";"0";"1";"79.8939393939394";"3.83333333333333";"116.737164181616";"9.39980905425266";"0";"0";"20";"3.43333333333333";"4.35877063307618";"0.389691915568208";"27";"10";"9";"20";"1.75";"1";"1";"0";"0.791666666666667";"0.958333333333333";"1";"0";"1.25925925925926";"0.851851851851852";"0.407407407407407";"1.4";"0.8";"0.6";"1.77777777777778";"1.11111111111111";"0.666666666666667";"1";"1";"0";"47";"103";"1.11316235778192";"0";"0";"0";"0.658005330140078";"0.69025305168635";"0";"0";"0.52569313896348";"0.362013992898246";"0.572394381205238";"0.516397779494322";"0.421637021355784";"0.516397779494322";"1.71593835683117";"0.781735959970572";"1.11803398874989";"0";"0";"0";"0";"0"
"49";"Logarithm";"0.00253107805176279";"701";"185";"1242";"0.00971125210410462";"24";"2";"0.415204081632653";"0";"1";"1937.71462264151";"5.20518867924528";"6856.96536372014";"29.541778269449";"0";"0";"36";"5.02012882447665";"6.27739743822325";"0.420900289344136";"125";"88";"102";"107";"5.68648648648649";"1";"1";"0";"2.60540540540541";"3.08108108108108";"1";"0";"6.704";"3.232";"3.472";"2.06818181818182";"1.11363636363636";"0.954545454545455";"1.58823529411765";"1.07843137254902";"0.509803921568627";"1";"1";"0";"279";"963";"42.8967298981833";"0";"0";"0";"19.9782755102118";"22.9289763257467";"0";"0";"52.1681561503666";"24.2803305499102";"27.8977325937247";"2.54068256981961";"1.09787483512694";"1.60393976804596";"2.02632643845399";"0.919387166851036";"1.20842830613718";"0";"0";"0";"0";"0"
"50";"Mary_II_of_England";"0.0103477167993297";"155";"37";"247";"0.0241935483870968";"11";"2";"0.280422499578344";"200.036363636364";"1.36363636363636";"579.685950413223";"3.80165289256198";"777.453020156822";"9.5486646838801";"659.475438925101";"0.674199862463242";"63";"15.1417004048583";"15.8440110105285";"0.763715738128508";"29";"12";"32";"47";"4.97297297297297";"2.92857142857143";"0.636363636363636";"0.727272727272727";"2.32432432432432";"2.64864864864865";"1.57142857142857";"1.35714285714286";"2.10344827586207";"1.13793103448276";"0.96551724137931";"2.58333333333333";"1.16666666666667";"1.41666666666667";"4.8125";"2.40625";"2.40625";"3.46808510638298";"1.74468085106383";"1.72340425531915";"35";"212";"14.3110029279853";"7.14917939665446";"0.504524979109513";"0.646669790682863";"7.07913229952048";"7.24651723326537";"3.39040174854886";"3.80707089766868";"1.85827930366868";"0.580894503025567";"1.32241010012265";"1.37895436890245";"0.577350269189626";"0.90033663737852";"15.4281633970623";"7.61941228365988";"7.82411233757337";"8.65485805733401";"4.13609816712607";"4.57166189770613";"0";"0"
"51";"Mary_Martha_Sherwood";"0.0730519480519481";"56";"1";"225";"0";"0";"1";"3.42446280991736";"NaN";"NaN";"46.8";"40.4";"107.727846394927";"118.650935286851";NA;NA;"17";"4.24";"4.26731765867037";"0.0806978827556003";"2";"1";"0";"7";"1";"1";"NaN";"NaN";"1";"0";"1";"0";"1";"1";"0";"1";"1";"0";"NaN";"NaN";"NaN";"1";"1";"0";"46";"179";NA;"0";NA;NA;NA;NA;"0";"0";"0";"0";"0";NA;NA;NA;NA;NA;NA;"0";"0";"0";"0";"0"
"52";"Maurice_Leyland";"0.0919191919191919";"45";"1";"182";"0";"2";"3";"3.27634297520661";"0";"1";"9.1";"16.95";"13.3688561885254";"64.3276767806828";"0";"0";"22";"6.42307692307692";"5.79408303487658";"0.741868033642229";"3";"0";"3";"14";"1";"1";"1";"0";"1";"0";"1";"0";"1";"1";"0";"NaN";"NaN";"NaN";"1";"1";"0";"1";"1";"0";"25";"157";NA;"0";"0";"0";NA;NA;"0";"0";"0";"0";"0";NA;NA;NA;"0";"0";"0";"0";"0";"0";"0";"0"
"53";"Nigel_Kneale";"0.0258595357037908";"83";"8";"176";"0.0229709035222052";"9";"4";"0.979848304580607";"20.5555555555556";"1.55555555555556";"95.4137931034483";"5.63793103448276";"190.040949833003";"21.1574699809585";"48.777841052857";"1.0137937550497";"19";"5.63068181818182";"4.9158602317582";"0.592902701934805";"19";"3";"5";"31";"4.625";"1.81081081081081";"0.777777777777778";"0.777777777777778";"2.125";"2.5";"1.05405405405405";"0.756756756756757";"2.89473684210526";"1.36842105263158";"1.52631578947368";"3.33333333333333";"1.66666666666667";"1.66666666666667";"1.2";"1";"0.2";"1.7741935483871";"0.967741935483871";"0.806451612903226";"25";"151";"4.68851179556401";"1.88322769376051";"0.440958551844098";"1.30170827931778";"2.03100960115899";"2.67261241912424";"0.880212914455801";"1.16441223621871";"3.69526328699782";"1.67366949862967";"2.11787160067816";"1.15470053837925";"0.577350269189626";"0.577350269189626";"0.447213595499958";"0";"0.447213595499958";"1.58555305638873";"0.706346042094663";"1.16674346905421";"0";"0"
"54";"Nikki_and_Paulo";"0.0402298850574713";"30";"12";"35";"0.046875";"1";"0";"0.118906064209275";"0";"1";"26.1818181818182";"2.81818181818182";"28.8384438580837";"1.91824234122117";NA;NA;"20";"6.4";"6.58072050408929";"-0.252570592567897";"4";"7";"9";"2";"2.83333333333333";"1.11111111111111";"1";"0";"1.16666666666667";"1.66666666666667";"0.888888888888889";"0.222222222222222";"1.5";"0.75";"0.75";"2.42857142857143";"1.14285714285714";"1.28571428571429";"2.22222222222222";"1.11111111111111";"1.11111111111111";"1";"1";"0";"8";"27";"1.64224532179869";"0.333333333333333";NA;NA;"0.937436866561092";"0.778498944161523";"0.333333333333333";"0.440958551844098";"1";"0.5";"0.957427107756338";"1.71824938596845";"0.899735410842437";"0.951189731211342";"1.64147630029935";"0.781735959970572";"1.05409255338946";"0";"0";"0";"0";"0"
"55";"North_Road_(Manchester)";"0.11038961038961";"22";"1";"51";"0";"2";"0";"1.20634920634921";"0";"1";"9.90909090909091";"8.27272727272727";"25.3631801848843";"15.3498593419673";"0";"0";"10";"3.17647058823529";"2.74011592713112";"0.154692822854874";"0";"1";"2";"8";"1";"1";"1";"0";"1";"0";"1";"0";"NaN";"NaN";"NaN";"1";"1";"0";"1";"1";"0";"1";"1";"0";"11";"40";NA;"0";"0";"0";NA;NA;"0";"0";NA;NA;NA;NA;NA;NA;"0";"0";"0";"0";"0";"0";"0";"0"
"56";"Nyon_Conference";"0.208333333333333";"16";"0";"50";"0.038961038961039";"1";"0";"2.19555555555556";"0";"1";"13";"22";"16.062378404209";"31.0161248385416";NA;NA;"11";"3.4";"3.24509048331444";"0.286462947928887";"0";"0";"0";"4";"NaN";"1";"1";"0";"NaN";"NaN";"1";"0";"NaN";"NaN";"NaN";"NaN";"NaN";"NaN";"NaN";"NaN";"NaN";"1";"1";"0";"12";"38";NA;"0";NA;NA;NA;NA;"0";"0";NA;NA;NA;NA;NA;NA;NA;NA;NA;"0";"0";"0";"0";"0"
"57";"Oliver_Bosbyshell";"0.166666666666667";"6";"0";"5";"0";"1";"0";"0.4";"0";"1";"0";"5";NA;NA;NA;NA;"0";"0";"0";"NaN";"0";"0";"0";"1";"NaN";"NaN";"1";"0";"NaN";"NaN";"NaN";"NaN";"NaN";"NaN";"NaN";"NaN";"NaN";"NaN";"NaN";"NaN";"NaN";"1";"1";"0";"5";"0";NA;NA;NA;NA;NA;NA;NA;NA;NA;NA;NA;NA;NA;NA;NA;NA;NA;NA;NA;NA;"0";"0"
"58";"Order_of_St_Patrick";"0.0111995284409078";"117";"20";"152";"0.0216216216216216";"14";"3";"0.140866527942925";"0";"1";"98.3506493506493";"3.42857142857143";"146.534419006321";"6.31920333800612";"0";"0";"21";"3.90789473684211";"4.73727680899114";"0.349799085485701";"18";"5";"14";"40";"5.35";"1.65";"1";"0";"2.4";"2.95";"0.875";"0.775";"2.5";"1.16666666666667";"1.33333333333333";"2";"1";"1";"6.35714285714286";"3.07142857142857";"3.28571428571429";"1.15";"0.775";"0.375";"40";"112";"9.85299847495007";"3.00042731999362";"0";"0";"4.69490205043278";"5.17560065164065";"0.938834520248513";"2.21287027902561";"4.44905806290037";"1.29478592370913";"3.23582883281766";"0.707106781186548";"0";"0.707106781186548";"11.7643996404873";"5.51172576232897";"6.28096723845535";"0.36162028533979";"0.42290206176626";"0.540061724867322";"0";"0"
"59";"Pain_fitzJohn";"0.216748768472906";"29";"0";"176";"0.0209059233449477";"2";"0";"5.3609693877551";"0";"1";"40.1176470588235";"20";"94.4919853432959";"72.6782292024235";"0";"0";"49";"13.8352272727273";"12.0741096308019";"0.167621544574668";"7";"0";"1";"9";"NaN";"1.26666666666667";"0.5";"0.5";"NaN";"NaN";"1";"0.266666666666667";"1.14285714285714";"1";"0.142857142857143";"NaN";"NaN";"NaN";"2";"1";"1";"1.22222222222222";"0.888888888888889";"0.333333333333333";"12";"164";NA;"0.457737708217063";"0.707106781186548";"0.707106781186548";NA;NA;"0";"0.457737708217063";"0.377964473009227";"0";"0.377964473009227";NA;NA;NA;NA;NA;NA;"0.440958551844098";"0.333333333333333";"0.5";"0";"0"
"60";"Paraceratherium";"0.0314600448095594";"104";"36";"337";"0.0417391304347826";"4";"2";"1.9337355075879";"0";"1.25";"269.513157894737";"8.5";"442.981128068185";"45.7122886468544";"0";"0.5";"52";"12.6706231454006";"12.0154215352628";"0.665980727558661";"18";"17";"18";"23";"3";"2.52941176470588";"0.75";"0.5";"1.38888888888889";"1.61111111111111";"1.58823529411765";"0.941176470588235";"2.5";"1.22222222222222";"1.27777777777778";"3.23529411764706";"1.58823529411765";"1.64705882352941";"3.61111111111111";"1.88888888888889";"1.72222222222222";"1.60869565217391";"1.1304347826087";"0.478260869565217";"28";"309";"2.29284601688444";"3.63680924185962";"0.5";"1";"1.22539271320965";"1.1026663211838";"1.65360299106222";"2.01420977016235";"2.66237399591373";"1.35279908318905";"1.40610247955351";"2.56245516460059";"1.32565189291023";"1.27186754767292";"4.27219311208284";"2.02597511421012";"2.29591851555436";"1.5591119393827";"0.694415897524803";"0.99405346560943";"0";"0"
"61";"Peter_Warlock";"0.0293466223698782";"43";"15";"53";"0";"2";"0";"0.0430839002267574";"125";"2";"61.4615384615385";"2.61538461538462";"43.7636271431967";"1.26938411538378";"7.07106781186548";"0";"22";"8.47169811320755";"5.9245375463306";"0.318556321101032";"14";"4";"7";"14";"2.4";"2.09090909090909";"1";"1";"1.2";"1.2";"1.04545454545455";"1.04545454545455";"2.5";"1.21428571428571";"1.28571428571429";"2";"1";"1";"2";"1";"1";"2.07142857142857";"1.07142857142857";"1";"4";"49";"0.828078671210825";"1.1509454047327";"0";"0";"0.414039335605413";"0.414039335605413";"0.575472702366351";"0.722249971716872";"1.22474487139159";"0.578934223521839";"0.726273039202563";"0";"0";"0";"0";"0";"0";"1.14113881811014";"0.615727926214882";"0.679366220486757";"0";"0"
"62";"Planescape._Torment";"0.00418410041841004";"479";"158";"958";"0.0213329615170106";"12";"3";"0.231655170602756";"0";"1";"1759.97445255474";"6.24452554744526";"5057.33805873099";"20.0190949860323";"0";"0";"46";"7.20146137787056";"9.26810228203218";"0.335153721631735";"86";"75";"49";"64";"2.22784810126582";"1";"1";"0";"1.31012658227848";"0.917721518987342";"1";"0";"1.93023255813953";"1.22093023255814";"0.709302325581395";"2.09333333333333";"1.30666666666667";"0.786666666666667";"1.3265306122449";"1.04081632653061";"0.285714285714286";"1.25";"1.078125";"0.171875";"205";"753";"3.57253988077247";"0";"0";"0";"1.61955368049418";"2.01890804147097";"0";"0";"3.28916473457363";"1.5293302093377";"1.83345561918579";"3.60245161767062";"1.55070457685682";"2.09435104657894";"1.10656667034498";"0.498296417534675";"0.707106781186548";"1.43648601228556";"0.649900786078946";"0.827209643107957";"0";"0"
"63";"Ranavalona_I";"0.0166301741215723";"139";"29";"319";"0.0109729334308705";"6";"3";"1.03063957151859";"0";"1";"114.333333333333";"7.16049382716049";"256.129508257053";"31.9966626346106";"0";"0";"21";"4.12225705329154";"4.05552343864374";"0.567631378619912";"28";"14";"12";"27";"3.44827586206897";"1.04651162790698";"1";"0";"1.55172413793103";"1.89655172413793";"1";"0.0465116279069767";"1.39285714285714";"0.964285714285714";"0.428571428571429";"5.21428571428571";"2.42857142857143";"2.78571428571429";"1.08333333333333";"0.75";"0.333333333333333";"1.07407407407407";"1";"0.0740740740740741";"58";"261";"6.39523375478372";"0.304997140665209";"0";"0";"2.83581944439033";"3.60896530072983";"0";"0.304997140665209";"1.03061598676195";"0.50787450018337";"0.741798187018916";"8.92859340656636";"3.87723703595318";"5.08661246544558";"0.288675134594813";"0.452267016866645";"0.492365963917331";"0.384900179459751";"0";"0.384900179459751";"0";"0"
"64";"Red_rail";"0.0769230769230769";"53";"4";"212";"0.0354609929078014";"1";"4";"2.65588017751479";"45.2";"12";"63.1621621621622";"11.027027027027";"122.254167078406";"45.4144412216144";NA;NA;"44";"11.9339622641509";"10.901775035195";"0.486576038808523";"8";"1";"3";"25";"3.25";"2.10714285714286";"5";"7";"1.5";"1.75";"1.21428571428571";"0.892857142857143";"2.375";"1.25";"1.125";"8";"4";"4";"1.66666666666667";"1";"0.666666666666667";"2.44";"1.32";"1.12";"16";"196";"3.20156211871642";"2.64350056517778";NA;NA;"1.73205080756888";"1.5";"1.31535498256506";"1.44886381320204";"3.11390888939105";"1.58113883008419";"1.64208056179609";NA;NA;NA;"0.577350269189626";"0";"0.577350269189626";"3.02875111776015";"1.37598449603669";"1.76351920885484";"0";"0"
"65";"Rhyolite,_Nevada";"0.0247252747252747";"92";"14";"207";"0.0121951219512195";"6";"3";"1.07487018476029";"0";"1";"171.240740740741";"6.96296296296296";"284.857788761882";"26.7616756131085";"0";"0";"28";"5.45893719806763";"5.9851762536536";"0.541150789528278";"17";"7";"5";"25";"3.64285714285714";"1.03225806451613";"1";"0";"1.42857142857143";"2.21428571428571";"0.967741935483871";"0.0645161290322581";"2.70588235294118";"1.41176470588235";"1.29411764705882";"1.71428571428571";"0.857142857142857";"0.857142857142857";"1.8";"1";"0.8";"1";"0.96";"0.04";"38";"169";"4.56756361341989";"0.179605302026775";"0";"0";"1.69679724160575";"2.9135907380775";"0.179605302026775";"0.249731038114707";"4.35552387610195";"1.50244898122248";"2.88887317743339";"0.755928946018454";"0.377964473009227";"0.690065559342354";"1.30384048104053";"0";"1.30384048104053";"0";"0.2";"0.2";"0";"0"
"66";"Robert_Hues";"0.0957661290322581";"32";"3";"95";"0.0889830508474576";"3";"3";"1.88241415192508";"53.6666666666667";"2.66666666666667";"47.1304347826087";"7.8695652173913";"83.5810923821365";"24.3129302445242";"31.8799832705937";"1.15470053837925";"19";"6.85263157894737";"5.39891324969346";"0.434714978910191";"9";"1";"0";"13";"6.33333333333333";"1.35714285714286";"1.33333333333333";"1.33333333333333";"3";"3.33333333333333";"0.714285714285714";"0.642857142857143";"2.44444444444444";"1.22222222222222";"1.22222222222222";"9";"4";"5";"NaN";"NaN";"NaN";"1.38461538461538";"0.846153846153846";"0.538461538461538";"9";"86";"2.51661147842358";"0.633323693776651";"0.577350269189626";"0.577350269189626";"1";"1.52752523165195";"0.468807230938495";"0.633323693776651";"1.66666666666667";"0.833333333333333";"0.97182531580755";NA;NA;NA;NA;NA;NA;"0.869718492622904";"0.554700196225229";"0.660225291773525";"0";"0"
"67";"Rugby_World_Cup";"0.00701612359171558";"244";"43";"416";"0.0254476908576814";"11";"5";"0.356585208894308";"264.5";"2.36363636363636";"681.808139534884";"4.41860465116279";"1397.04469662384";"13.895992199595";"324.21636294302";"2.90767010758536";"29";"6.06490384615385";"6.04187148779826";"0.526893816653461";"34";"32";"42";"63";"3.95348837209302";"1.75";"1.36363636363636";"1";"1.81395348837209";"2.13953488372093";"1.10714285714286";"0.642857142857143";"2.67647058823529";"1.38235294117647";"1.29411764705882";"3.40625";"1.71875";"1.6875";"1.80952380952381";"1.02380952380952";"0.785714285714286";"1.96825396825397";"1.20634920634921";"0.761904761904762";"73";"343";"5.35836457091728";"2.13718683496964";"1.20604537831105";"1.73205080756888";"2.50956089835395";"2.87502708350669";"0.923732565887905";"1.30043057912358";"3.40872844181196";"1.53770206126984";"1.93107619178194";"5.56984609157838";"2.5429773634399";"3.08416873309382";"1.91576381300623";"0.896826253344299";"1.13772803740965";"2.52706800633726";"1.06496600216415";"1.52097470567381";"0";"0"
"68";"Say_Hello_to_My_Little_Friend";"0.0837789661319073";"34";"2";"94";"0";"0";"1";"2.17722681359045";"NaN";"NaN";"25.1666666666667";"13.8333333333333";"87.1798906476335";"41.3297896819173";NA;NA;"22";"4.30851063829787";"5.38621617090055";"-0.21128319496517";"6";"0";"1";"5";"1";"1";"NaN";"NaN";"1";"0";"1";"0";"1";"1";"0";"NaN";"NaN";"NaN";"1";"1";"0";"1";"1";"0";"22";"72";"0";"0";NA;NA;"0";"0";"0";"0";"0";"0";"0";NA;NA;NA;NA;NA;NA;"0";"0";"0";"0";"0"
"69";"Sherman_Minton";"0.0280246069719754";"133";"10";"492";"0.0269266480965645";"11";"1";"1.58617424242424";"0";"1.09090909090909";"342.133333333333";"12.3466666666667";"754.934479372372";"54.7760781613538";"0";"0.301511344577764";"49";"9.71138211382114";"10.4215639143021";"0.207880192123888";"14";"5";"15";"41";"2.1";"1.11320754716981";"0.818181818181818";"0.272727272727273";"0.7";"1.4";"1";"0.113207547169811";"1.35714285714286";"0.928571428571429";"0.428571428571429";"1.8";"1.2";"0.6";"1.13333333333333";"0.8";"0.333333333333333";"1.17073170731707";"0.951219512195122";"0.219512195121951";"58";"434";"1.10050493461461";"0.466590635868752";"0.404519917477945";"0.646669790682863";"0.823272602348565";"0.516397779494322";"0.196116135138184";"0.375211599710523";"0.841897386141095";"0.474631146549323";"0.85163062725264";"1.30384048104053";"0.447213595499958";"0.894427190999916";"0.351865775274498";"0.414039335605413";"0.487950036474267";"0.543251278157274";"0.312347523777212";"0.524985481796936";"0";"0"
"70";"Singapore_strategy";"0.133333333333333";"36";"2";"168";"0.0402298850574713";"5";"3";"3.62448979591837";"13.8";"2";"51.9090909090909";"14.6363636363636";"138.267824680912";"53.9696082505572";"30.8577380894971";"1.73205080756888";"40";"11.1011904761905";"10.0612732857808";"0.11840229107";"7";"0";"2";"13";"2";"1.16666666666667";"1.2";"0.8";"1";"1";"0.833333333333333";"0.333333333333333";"1.28571428571429";"0.857142857142857";"0.428571428571429";"NaN";"NaN";"NaN";"2";"1";"1";"1.38461538461538";"1";"0.384615384615385";"14";"154";"0";"0.389249472080761";"0.447213595499958";"1.30384048104053";"0";"0";"0.389249472080761";"0.492365963917331";"0.487950036474267";"0.377964473009227";"0.534522483824849";NA;NA;NA;"0";"0";"0";"1.12089707663561";"0.408248290463863";"0.869718492622904";"0";"0"
"71";"SMS_Schwaben";"0.0886699507389163";"29";"0";"72";"0";"2";"1";"1.60969387755102";"0";"1";"59.4615384615385";"9.84615384615385";"63.9721493889012";"24.9594543004121";"0";"0";"12";"3.05555555555556";"2.90162115390927";"0.40265178704986";"4";"0";"1";"8";"NaN";"1";"1";"0";"NaN";"NaN";"1";"0";"1";"1";"0";"NaN";"NaN";"NaN";"1";"1";"0";"1";"1";"0";"16";"56";NA;"0";"0";"0";NA;NA;"0";"0";"0";"0";"0";NA;NA;NA;NA;NA;NA;"0";"0";"0";"0";"0"
"72";"South_Carolina-class_battleship";"0.0296296296296296";"55";"2";"88";"0.0119047619047619";"3";"0";"0.422496570644719";"0";"1";"19.8461538461538";"5.65384615384615";"32.3860368772622";"10.7403624061474";"0";"0";"10";"2.59090909090909";"2.77772901385271";"0.29527439720348";"10";"1";"3";"12";"1";"1";"1";"0";"1";"0";"1";"0";"1";"1";"0";"1";"1";"0";"1";"1";"0";"1";"1";"0";"29";"59";"0";"0";"0";"0";"0";"0";"0";"0";"0";"0";"0";NA;NA;NA;"0";"0";"0";"0";"0";"0";"0";"0"
"73";"Stephen_Trigg";"0.0412244897959184";"50";"4";"101";"0";"4";"2";"1.21782590587255";"0";"1";"54.2";"6.06666666666667";"87.4553679273625";"21.7270423163414";"0";"0";"16";"3.85148514851485";"3.83767153001364";"0.450460950173375";"9";"0";"4";"17";"2.5";"1.1";"1";"0";"1.25";"1.25";"0.85";"0.25";"1.22222222222222";"0.888888888888889";"0.333333333333333";"NaN";"NaN";"NaN";"2.25";"1.25";"1";"1.11764705882353";"0.882352941176471";"0.235294117647059";"20";"81";"1";"0.307793505625546";"0";"0";"0.5";"0.5";"0.366347548532523";"0.444261658319319";"0.440958551844098";"0.333333333333333";"0.5";NA;NA;NA;"1.25830573921179";"0.5";"0.816496580927726";"0.332105582077536";"0.332105582077536";"0.437237316097603";"0";"0"
"74";"Sunderland_A.F.C.";"0.00715371720400764";"227";"86";"367";"0.0364546104360257";"8";"0";"0.13058970945258";"0";"1";"606.562091503268";"4.31372549019608";"1210.92797673184";"7.05007520325259";"0";"0";"31";"6.9291553133515";"7.97882409782347";"0.357394022520383";"34";"45";"43";"31";"3.3953488372093";"1";"1";"0";"1.54651162790698";"1.84883720930233";"1";"0";"2.32352941176471";"1.32352941176471";"1";"3.17777777777778";"1.46666666666667";"1.71111111111111";"2.41860465116279";"1.34883720930233";"1.06976744186047";"1.06451612903226";"1";"0.0645161290322581";"74";"293";"5.6988730976188";"0";"0";"0";"2.86420906542302";"2.87593439285581";"0";"0";"3.3909021614912";"1.64631062710745";"1.82574185835055";"7.19939671995599";"3.59039121697192";"3.66570235253406";"2.35263335879823";"1.06645208251322";"1.36966017400232";"0.249731038114707";"0";"0.249731038114707";"0";"0"
"75";"The_Adventures_of_Tintin";"0.013118664281455";"130";"35";"220";"0.0628019323671498";"19";"0";"0.0805240069707349";"0";"1";"207.289473684211";"5.07894736842105";"299.148495069813";"4.89561207040138";"0";"0";"13";"3.48636363636364";"3.4369461137216";"-0.00476036220008527";"13";"11";"29";"23";"4.11428571428571";"1";"1";"0";"1.85714285714286";"2.25714285714286";"1";"0";"1.38461538461538";"1.07692307692308";"0.307692307692308";"4.54545454545455";"2.36363636363636";"2.18181818181818";"2.75862068965517";"1.37931034482759";"1.37931034482759";"1.60869565217391";"1.1304347826087";"0.478260869565217";"54";"166";"5.12072736430049";"0";"0";"0";"2.06002365981355";"3.24801167361399";"0";"0";"0.869718492622904";"0.277350098112615";"0.630425171956115";"6.08873774051135";"2.90767010758536";"3.25017482047295";"3.89739081597083";"1.34731990854459";"2.65133110913109";"2.91920179679905";"0.625543242171224";"2.29365855462782";"0";"0"
"76";"The_Fade_Out";"0.180952380952381";"15";"0";"38";"0.09";"2";"2";"1.26020408163265";"0";"1";"12.75";"8.625";"28.2425717161674";"13.1250850337381";"0";"0";"9";"2.97368421052632";"2.42160145922312";"-0.287720490541609";"3";"0";"0";"5";"NaN";"1";"1";"0";"NaN";"NaN";"1";"0";"1";"1";"0";"NaN";"NaN";"NaN";"NaN";"NaN";"NaN";"1";"0.8";"0.2";"7";"31";NA;"0";"0";"0";NA;NA;"0";"0";"0";"0";"0";NA;NA;NA;NA;NA;NA;"0";"0.447213595499958";"0.447213595499958";"0";"0"
"77";"The_Kinks";"0.00485124975904389";"395";"125";"755";"0.00369747899159664";"11";"1";"0.418797830400165";"0";"1";"977.701680672269";"5.68067226890756";"2614.34406944515";"24.3379624889091";"0";"0";"33";"6.18940397350993";"7.37602353026903";"0.313042675871654";"79";"54";"64";"41";"3.512";"1.00990099009901";"1";"0";"1.696";"1.816";"1.00990099009901";"0";"4.0379746835443";"2.0126582278481";"2.0253164556962";"1.42592592592593";"0.888888888888889";"0.537037037037037";"1.8125";"1.234375";"0.578125";"1";"0.975609756097561";"0.024390243902439";"158";"597";"14.3277398438225";"0.0995037190209989";"0";"0";"6.18038520565851";"8.18277498478437";"0.0995037190209989";"0";"17.8867111809619";"7.67696132274515";"10.2469190911274";"0.569735186809406";"0.317220634287258";"0.573403047782404";"2.7938424357067";"1.31827433496303";"1.52028284231419";"0";"0.156173761888606";"0.156173761888606";"0";"0"
"78";"Thief_II";"0.0116822429906542";"108";"34";"135";"0.0384615384615385";"3";"1";"0.129705651148572";"0";"1";"20.6764705882353";"3.38235294117647";"32.0420391661407";"4.86237277549775";"0";"0";"15";"2.81481481481481";"3.43638387076321";"0.595843615143554";"17";"14";"22";"15";"4.02941176470588";"1";"1";"0";"1.73529411764706";"2.29411764705882";"1";"0";"2.52941176470588";"1.29411764705882";"1.23529411764706";"4.57142857142857";"2.14285714285714";"2.42857142857143";"2.22727272727273";"1.18181818181818";"1.04545454545455";"1";"1";"0";"40";"95";"6.64459358320116";"0";"0";"0";"2.99806830263039";"3.71344332379977";"0";"0";"3.48420807104756";"1.57181049598675";"2.07754096724667";"7.95868452325253";"3.61316274957897";"4.3978016486262";"4.87883493295585";"2.01509455376319";"2.93545279588739";"0";"0";"0";"0";"0"
"79";"Thierry_Henry";"0.00824921684650191";"170";"94";"237";"0.0123456790123457";"5";"0";"0.0869367319071461";"0";"1";"723.941605839416";"3.21897810218978";"968.531831345648";"4.09934594579922";"0";"0";"38";"10.8607594936709";"10.4151952761849";"0.365818733377025";"40";"48";"34";"15";"3.12765957446809";"1.21052631578947";"1";"0";"1.48936170212766";"1.63829787234043";"0.868421052631579";"0.342105263157895";"2.525";"1.275";"1.25";"2.20833333333333";"1.10416666666667";"1.10416666666667";"2.85294117647059";"1.47058823529412";"1.38235294117647";"2.73333333333333";"1.6";"1.13333333333333";"33";"204";"3.37044090333362";"0.62202349555181";"0";"0";"1.68321684373512";"1.70924786219086";"0.342569987450104";"0.668856054059939";"2.08766216934957";"1.0618682133693";"1.08012344973464";"1.38315601700455";"0.592132221193786";"0.92804033600282";"3.58559705472592";"1.70978102651927";"1.92298230947839";"5.90963700440302";"2.89827534923789";"3.06749471222426";"0";"0"
"80";"Toronto_Raptors";"0.00724306458985268";"239";"109";"412";"0.0247797356828194";"8";"0";"0.150951557093426";"0";"1";"585.522012578616";"4.67924528301887";"1014.61095279041";"8.34184264220463";"0";"0";"42";"6.07766990291262";"7.93058610805604";"0.319148622047711";"43";"61";"30";"25";"3.63302752293578";"1.07142857142857";"1";"0";"1.74311926605505";"1.88990825688073";"1.02380952380952";"0.0476190476190476";"4.76744186046512";"2.30232558139535";"2.46511627906977";"2.54098360655738";"1.29508196721311";"1.24590163934426";"1.96666666666667";"1.2";"0.766666666666667";"1.2";"1.08";"0.12";"80";"332";"8.39715621004529";"0.462910049886276";"0";"0";"3.58599040951386";"4.84450710243873";"0.154303349962092";"0.308606699924184";"12.8078049294028";"5.40958093492212";"7.42373554155313";"3.19673672407662";"1.44157624720399";"1.84079455403473";"1.54212869746342";"0.66436383882992";"0.971430986184577";"1";"0.4";"0.6";"0";"0"
"81";"Tosca";"0.0443548387096774";"32";"6";"44";"0.0652173913043478";"0";"0";"0.420395421436004";"NaN";"NaN";"10";"5";"15.7919161403743";"7.18973627418334";NA;NA;"6";"1.47727272727273";"1.78480194150547";"0.0996425646403581";"4";"2";"5";"3";"1";"1.125";"NaN";"NaN";"1";"0";"1";"0.125";"1.25";"1";"0.25";"1";"1";"0";"1";"1";"0";"1";"1";"0";"18";"26";"0";"0.353553390593274";NA;NA;"0";"0";"0";"0.353553390593274";"0.5";"0";"0.5";"0";"0";"0";"0";"0";"0";"0";"0";"0";"0";"0"
"82";"Tower_of_London";"0.0333333333333333";"36";"5";"42";"0";"5";"0";"0.274285714285714";"4.2";"5.2";"57.1923076923077";"2.84615384615385";"46.2981807251812";"3.82300727378129";"9.39148550549912";"8.84307638777366";"20";"5.45238095238095";"6.35994470351932";"0.579700871798161";"8";"2";"5";"11";"2";"1.5";"2";"3.2";"1";"1";"0.9375";"0.5625";"2";"1";"1";"2";"1";"1";"1.2";"0.8";"0.4";"3.09090909090909";"1.45454545454545";"1.63636363636364";"10";"32";"0";"0.816496580927726";"2.82842712474619";"6.05805249234438";"0";"0";"0.442530601578392";"0.629152869605896";"0.925820099772551";"0.534522483824849";"0.534522483824849";"0";"0";"0";"0.447213595499958";"0.447213595499958";"0.547722557505166";"5.95742470291561";"1.86352549559357";"4.12971493623294";"0";"0"
"83";"Trait_du_Nord";"0.064367816091954";"30";"1";"56";"0";"1";"1";"1.21759809750297";"0";"1";"25";"6.46666666666667";"37.7907774085538";"18.1378320750015";NA;NA;"8";"2.14285714285714";"2.10132920209671";"0.34798052235378";"6";"0";"0";"9";"1";"1";"1";"0";"1";"0";"1";"0";"1";"1";"0";"NaN";"NaN";"NaN";"NaN";"NaN";"NaN";"1";"1";"0";"15";"41";NA;"0";NA;NA;NA;NA;"0";"0";"0";"0";"0";NA;NA;NA;NA;NA;NA;"0";"0";"0";"0";"0"
"84";"Troy_McClure";"0.0111973196967025";"107";"47";"127";"0.0275229357798165";"2";"0";"0.088688145247419";"0";"1";"161.113636363636";"2.67045454545455";"186.029702350834";"2.36702243194112";"0";"0";"24";"7.34645669291339";"6.75110567400054";"-0.104280983537183";"17";"25";"31";"15";"2.51063829787234";"1.64102564102564";"0.5";"0.5";"1.23404255319149";"1.27659574468085";"0.923076923076923";"0.717948717948718";"2.23529411764706";"1.11764705882353";"1.11764705882353";"2.56";"1.32";"1.24";"1.96774193548387";"0.935483870967742";"1.03225806451613";"1.4";"0.933333333333333";"0.466666666666667";"19";"108";"1.23133614994183";"1.06343978839225";"0.707106781186548";"0.707106781186548";"0.632894178854666";"0.615104362285976";"0.532354026674542";"0.793019477716523";"0.970142500145332";"0.485071250072666";"0.600245047998781";"1.66032125405497";"0.802080627701064";"0.925562891794321";"1.04829610854128";"0.573613334977942";"0.65746335602536";"0.50709255283711";"0.258198889747161";"0.516397779494322";"0";"0"
"85";"U.S._Route_131";"0.0236220472440945";"128";"17";"384";"0.0383858267716535";"9";"3";"1.67053134106268";"0";"1";"190.328358208955";"10.5522388059701";"566.917704353155";"51.8246704975973";"0";"0";"38";"7.671875";"8.38011077059338";"0.491590049496991";"4";"11";"19";"33";"1.88235294117647";"1";"1";"0";"1.17647058823529";"0.705882352941177";"1";"0";"1";"1";"0";"1.81818181818182";"1.18181818181818";"0.636363636363636";"1.31578947368421";"1.05263157894737";"0.263157894736842";"1";"1";"0";"61";"323";"1.90007739780438";"0";"0";"0";"0.808957208204416";"1.21267812518166";"0";"0";"0";"0";"0";"1.66241882918727";"0.750757193529548";"1.02691063610494";"1.37649440322337";"0.524265010438033";"0.933458638205125";"0";"0";"0";"0";"0"
"86";"Victoria_Cross_(Canada)";"0.111111111111111";"18";"2";"34";"0.107142857142857";"2";"0";"1.19031141868512";"0";"1";"4.88888888888889";"6.55555555555556";"9.85449699939632";"13.38946517893";"0";"0";"9";"2.44117647058824";"2.51289012011931";"0.371730760345387";"2";"0";"1";"6";"1";"1";"1";"0";"1";"0";"1";"0";"1";"1";"0";"NaN";"NaN";"NaN";"1";"1";"0";"1";"1";"0";"9";"25";"0";"0";"0";"0";"0";"0";"0";"0";"0";"0";"0";NA;NA;NA;NA;NA;NA;"0";"0";"0";"0";"0"
"87";"Villa_Park";"0.00974693731556827";"212";"48";"436";"0.0251603354711396";"7";"4";"0.309247321488736";"0";"1";"796.425675675676";"5.45945945945946";"1455.90841434218";"15.9418067491397";"0";"0";"58";"13.3050458715596";"14.3082990867717";"0.462087392543981";"42";"26";"28";"51";"3.14583333333333";"2.17045454545455";"0.714285714285714";"0.285714285714286";"1.47916666666667";"1.66666666666667";"1.26136363636364";"0.909090909090909";"2.19047619047619";"1.16666666666667";"1.02380952380952";"2.76923076923077";"1.34615384615385";"1.42307692307692";"1.85714285714286";"1.07142857142857";"0.785714285714286";"2.70588235294118";"1.50980392156863";"1.19607843137255";"65";"371";"3.85916749557016";"5.89997387664018";"0.487950036474267";"0.487950036474267";"1.95687096448161";"1.92777386037304";"2.75219585552486";"3.23641764363846";"3.32938209485869";"1.6515575304611";"1.78732795846946";"3.59229945642278";"1.80980236915101";"1.8368032430955";"1.14549959064563";"0.377964473009227";"0.875897121353739";"7.67930756682413";"3.58537333631859";"4.17621650704624";"0";"0"
"88";"Waiting_(2015_film)";"0.0824468085106383";"48";"3";"186";"0.0110091743119266";"1";"0";"2.86011770031689";"0";"1";"70.6";"13.96";"173.891249540242";"53.6318313442058";NA;NA;"20";"5.2258064516129";"4.40056269684037";"0.286570091283515";"8";"4";"2";"11";"1.66666666666667";"1";"1";"0";"0.666666666666667";"1";"1";"0";"1.25";"0.875";"0.375";"1";"1";"0";"1";"1";"0";"1";"1";"0";"23";"163";"1.15470053837925";"0";NA;NA;"0.577350269189626";"1";"0";"0";"0.707106781186548";"0.353553390593274";"0.744023809142845";"0";"0";"0";"0";"0";"0";"0";"0";"0";"0";"0"
"89";"War_of_the_League_of_Cambrai";"0.0412299091544375";"54";"6";"118";"0.00818926296633303";"4";"0";"1.47668209327163";"0";"1";"48.5714285714286";"14";"141.509289874832";"41.4821555704285";"0";"0";"7";"2.07627118644068";"2.10069902757673";"0.00316909255665781";"3";"2";"3";"6";"1";"1";"1";"0";"1";"0";"1";"0";"1";"1";"0";"1";"1";"0";"1";"1";"0";"1";"1";"0";"40";"78";"0";"0";"0";"0";"0";"0";"0";"0";"0";"0";"0";"0";"0";"0";"0";"0";"0";"0";"0";"0";"0";"0"
"90";"Water_pipit";"0.0390070921985816";"48";"6";"88";"0";"1";"1";"1.00316885468538";"0";"1";"68.7714285714286";"4.65714285714286";"54.6400444159914";"15.9003197473267";NA;NA;"23";"5.26136363636364";"5.680161723013";"0.700772761675471";"3";"2";"9";"21";"2";"5";"0";"1";"1";"1";"2.51851851851852";"2.48148148148148";"1.66666666666667";"1";"0.666666666666667";"2";"1";"1";"1.77777777777778";"1";"0.777777777777778";"5.90476190476191";"2.9047619047619";"3";"13";"75";"0";"18.1934053986603";NA;NA;"0";"0";"8.0925909627281";"10.1085278939288";"0.577350269189626";"0";"0.577350269189626";"0";"0";"0";"0.440958551844098";"0";"0.440958551844098";"20.6492245905379";"9.19187011388195";"11.4673449411797";"0";"0"
"91";"Witold_Pilecki";"0.00829600132736021";"246";"60";"500";"0.0245649948822927";"15";"6";"0.43838400666389";"128.866666666667";"15.9333333333333";"719.21472392638";"5.62576687116564";"1619.52367355113";"19.3381494287336";"342.684958748383";"55.9074064434945";"39";"8.148";"9.30845802383849";"0.762144255348425";"57";"22";"27";"57";"2.66666666666667";"1.54878048780488";"7.86666666666667";"8.06666666666667";"1.23333333333333";"1.43333333333333";"1.17073170731707";"0.378048780487805";"2.15789473684211";"1.19298245614035";"0.964912280701754";"3.54545454545455";"1.72727272727273";"1.81818181818182";"1.59259259259259";"1.07407407407407";"0.518518518518518";"5.10526315789474";"2.80701754385965";"2.29824561403509";"83";"417";"1.86553638096408";"3.87506252924266";"26.5971713497794";"29.3147127045854";"0.997737553662636";"0.90883920501097";"1.89739833605095";"2.01009946257466";"2.01591412873567";"0.971717854612351";"1.14898887662";"7.31422145534543";"3.67982683575267";"3.65977313421739";"0.97109213930499";"0.384900179459751";"0.700020349724556";"28.7108019807169";"13.6453008610647";"15.0712177348091";"0";"0"
