"";"page";"nedits_edit";"nedits_talk";"density_edit";"density_talk";"ncontributors_edit";"ncontributors_talk";"nadmins_edit";"nadmins_talk";"nbots_edit";"nbots_talk";"nanon_edit";"nanon_talk";"transitivity_edit";"transitivity_talk";"centralization_edit";"centralization_talk";"mean_betweenness_edit";"mean_betweenness_talk";"mean_betweenness_admins_edit";"mean_betweenness_admins_talk";"mean_degree_centrality_edit";"mean_degree_centrality_talk";"mean_degree_centrality_admins_edit";"mean_degree_centrality_admins_talk";"sd_betweenness_edit";"sd_betweenness_talk";"sd_betweenness_admins_edit";"sd_betweenness_admins_talk";"sd_degree_centrality_edit";"sd_degree_centrality_talk";"sd_degree_centrality_admins_edit";"sd_degree_centrality_admins_talk";"max_discussion_depth";"mean_discussion_depth";"sd_discussion_depth";"iscontroversial";"isfeatured"
"1";"2012_phenomenon";"3583";"945";"0.0307231911646173";"0.0050754060324826";"342";"432";"26";"9";"0";"5";"199";"88";"0.145633275233033";"0.0166864229050789";"0.717709686019212";"0.522816952966446";"155.815249266862";"570.266375545851";"20.2276046364797";"0";"19.5219941348974";"7.36681222707424";"17.3076923076923";"1";"994.529117383576";"2659.76884630374";"57.3518041738881";"0";"54.518833363397";"33.1832490354383";"46.4153157746615";"0";NA;NA;NA;"0";"0"
"2";"Adolf_Hitler";"99144";"495";"0.0149350320682001";"0.00506881297616122";"2577";"313";"314";"45";"2";"1";"1643";"97";"0.137544331558425";"0.0452830188679245";"0.736127018151306";"0.0640460634451019";"2408.92857142857";"1009.22368421053";"379.94529168973";"77.4888888888889";"75.6774068322981";"3.96929824561404";"54.2898089171975";"2.13333333333333";"22074.5285624929";"2059.80536827502";"2466.46176313471";"280.038440723463";"180.170093231856";"5.61730534412719";"204.253981369751";"5.38769642122426";NA;NA;NA;"0";"0"
"3";"Agnosticism";"548";"114";"0.05216067009328";"0.0119924258363139";"103";"98";"26";"8";"1";"0";"37";"24";"0.203512791141657";"0.032967032967033";"0.645280661284122";"0.112870655755128";"31";"42.3968253968254";"32.9789369966423";"0";"9.36274509803922";"3.06349206349206";"14.5769230769231";"1";"79.0870447762427";"62.3772445281181";"102.870449209157";"0";"20.3600215991668";"3.78397732326721";"27.7433567931829";"0";NA;NA;NA;"0";"0"
"4";"Allergy";"2023";"285";"0.0123640141791957";"0.00596958652758577";"405";"219";"49";"12";"3";"2";"195";"72";"0.0481621309842169";"0.0277563608326908";"0.475195446524851";"0.113816177089471";"157.554455445545";"763.402597402597";"15.465278662985";"42.9166666666667";"9.04207920792079";"3.27922077922078";"6.20408163265306";"1.41666666666667";"1256.47368739275";"1329.75984459338";"65.6543146457378";"87.0041360911635";"22.2132840150475";"5.40938032192947";"18.7683017255122";"0.90033663737852";NA;NA;NA;"0";"0"
"5";"American_Airlines_Flight_77";"6134";"665";"0.0114321711060914";"0.00503284594193685";"733";"364";"97";"23";"9";"6";"365";"110";"0.0718966129129987";"0.0281218613993974";"0.68622532771955";"0.28086272188451";"455.789617486339";"1080.08130081301";"164.129011043658";"0";"15.5642076502732";"4.92682926829268";"9.62886597938144";"1";"4119.46619540606";"2748.10770253432";"1081.64704390641";"0";"53.1578706273233";"15.4843809292644";"25.7315142333728";"0";"39";"6.86616541353383";"7.67576069792918";"0";"0"
"6";"Anthropology";"567";"85";"0.0283188492658076";"0.0124889803114899";"142";"83";"29";"7";"1";"0";"69";"30";"0.106249521915398";"0";"0.514310145364921";"0.0984533016061868";"84.2836879432624";"87.5409836065574";"5.07611701667963";"0";"6.9645390070922";"2.42622950819672";"4.96551724137931";"1";"493.266075306441";"111.844583205222";"15.2839853870098";"0";"13.5464340840352";"2.90665338143051";"7.48561839520428";"0";NA;NA;NA;"0";"0"
"7";"Ashton_Kutcher";"205";"28";"0.0401017214397496";"0.0430769230769231";"72";"26";"18";"1";"1";"0";"23";"9";"0.12";"0";"0.43066851815116";"0.1632";"3.22535211267606";"8.61904761904762";"1.19722222222222";"0";"4.84507042253521";"2.42857142857143";"3.61111111111111";"1";"11.3153002441068";"10.7818189118358";"3.43384847648773";NA;"5.71876082312529";"2.06328448284352";"6.0013615012996";NA;NA;NA;NA;"0";"0"
"8";"Augusto_Pinochet";"9708";"466";"0.042936753648828";"0.00434474528231521";"476";"328";"84";"21";"0";"2";"253";"106";"0.179119297861777";"0.0295712173484475";"1.45802105263158";"0.13521121491831";"428.395789473684";"445.369369369369";"73.0731376322765";"6.90476190476191";"39.1494736842105";"3.72072072072072";"30.0357142857143";"1.95238095238095";"3747.88409476589";"1415.70449573486";"322.186922270608";"31.6415940842189";"118.508793557973";"7.52873370178673";"95.2919984793185";"4.14096837075811";NA;NA;NA;"0";"0"
"9";"Axl_Rose";"2526";"808";"0.00939585332648916";"0.00214675515832319";"519";"614";"47";"4";"0";"0";"349";"303";"0.0704914960408565";"0.0177705977382876";"0.486715687005262";"0.104875601765979";"263.764478764479";"949.450346420323";"216.461131375694";"0";"8.76254826254826";"3.31408775981524";"3.59574468085106";"1";"1448.90238636838";"2511.37260267229";"951.893877312198";"0";"17.4395775593154";"7.61505636768508";"3.66925874796013";"0";NA;NA;NA;"0";"0"
"10";"Balto-Slavic_languages";"315";"19";"0.0324675324675325";"0.0698529411764706";"99";"17";"13";"4";"2";"0";"34";"1";"0.112926918839515";"0";"0.585693461057893";"0.32421875";"30.1632653061224";"4.81818181818182";"16.8846153846154";"0";"5.20408163265306";"2.90909090909091";"3.30769230769231";"1";"128.747701066384";"5.7064556743776";"35.5516958375135";"0";"9.74728001570734";"3.30013773817232";"2.65783794918023";"0";NA;NA;NA;"0";"0"
"11";"Biafra";"10";"381";"0.138888888888889";"0.00544596912521441";"9";"265";"4";"15";"0";"3";"1";"80";"0.214285714285714";"0.016551724137931";"0.3359375";"0.116204660238751";"0.25";"344.773399014778";"0";"200.333333333333";"1.625";"3.44827586206897";"2.5";"2.53333333333333";"0.707106781186548";"504.054728098334";"0";"297.316490020475";"0.916125381312904";"5.73775359522897";"3";"3.18179344455443";"35";"7.48556430446194";"8.33053523959241";"0";"0"
"12";"Bill_Clinton";"122";"1529";"0.0675526024363234";"0.00102643627233791";"43";"1221";"14";"55";"0";"1";"15";"407";"0.233736762481089";"0.0131640808650682";"0.564625850340136";"0.0215321822090836";"1.71428571428571";"2671.60823373174";"1.14285714285714";"134.963636363636";"4.57142857142857";"3.43957503320053";"3.35714285714286";"1.09090909090909";"3.2625172157466";"5718.30560545896";"2.20513885336896";"1000.91711581293";"3.98865988340761";"5.29495703777935";"2.34051745945677";"0.674199862463242";NA;NA;NA;"0";"0"
"13";"Black_supremacy";"971";"459";"0.0471542346542347";"0.00575144725960454";"144";"283";"28";"8";"0";"3";"67";"71";"0.203079710144928";"0.0105745505816003";"1.07570052325297";"0.389240983853931";"75.013986013986";"313.437086092715";"25.7010520149243";"0";"12.2657342657343";"5.20529801324503";"6.71428571428571";"1";"463.658680018775";"1075.05541298618";"76.6155666460994";"0";"29.9388934117081";"20.1044996226532";"7.47765631166236";"0";NA;NA;NA;"0";"0"
"14";"Brian_Williams";"4695";"360";"0.00860864494977832";"0.00435540069686411";"739";"288";"51";"8";"7";"3";"366";"110";"0.0676673042219124";"0.00867052023121387";"0.449994859027181";"0.0375869562578154";"429.486449864499";"1551.92511013216";"575.2334115547";"38";"11.8075880758808";"2.90308370044053";"6.05882352941176";"2.625";"2322.91477000316";"2322.72911720003";"3844.84837099309";"65.6679961190055";"22.2707125402681";"2.67226648144052";"12.1085288366604";"3.81491434092188";NA;NA;NA;"0";"0"
"15";"Britney_Spears";"47680";"1580";"0.0155423254552519";"0.00119782995666585";"1752";"1149";"243";"34";"2";"2";"1149";"444";"0.109423555303629";"0.0132676902536716";"0.874162793815136";"0.0824976629557236";"1380.90633923472";"2651.57374631269";"364.781700203937";"0";"53.1513420902342";"3.96607669616519";"45.6213991769547";"1";"16660.4156833089";"8636.20898599349";"2970.628558729";"0";"132.585788711301";"9.82627681511593";"172.577532806096";"0";NA;NA;NA;"0";"0"
"16";"Bumfights";"1719";"104";"0.00877909767831425";"0.0107194392908679";"443";"99";"37";"2";"6";"0";"248";"45";"0.0594880423026079";"0.032967032967033";"0.393693310947769";"0.0870991253644315";"66.4841628959276";"39.4";"43.0376014751015";"0";"6.97511312217195";"2.3625";"6.97297297297297";"1";"415.589207201906";"46.8432884294653";"153.630646465868";"0";"11.6070123308259";"2.06994007129051";"15.1794570362683";"0";NA;"5.875";"6.61960533244102";"0";"0"
"17";"Camilla,_Duchess_of_Cornwall";"11002";"560";"0.00749591887347281";"0.00352640394957242";"1212";"399";"112";"19";"13";"5";"630";"139";"0.071355137632087";"0.0230769230769231";"0.604894167898039";"0.0871442640337365";"1232.69859620149";"814.68813559322";"247.214878624436";"144.259649122807";"16.9463253509496";"3.44406779661017";"22.2053571428571";"1.26315789473684";"9367.1304285249";"2101.19788184596";"1007.08794376618";"512.083716581112";"43.7351298095822";"5.52570588917102";"140.361190344148";"0.452413928358864";NA;NA;NA;"0";"0"
"18";"Celtic_languages";"147";"23";"0.0415254237288136";"0.0327635327635328";"60";"27";"12";"3";"0";"1";"15";"2";"0.167313288069835";"0";"0.500718184429762";"0.00591715976331361";"2.45762711864407";"13.5833333333333";"0.0833333333333333";"9";"3.91525423728814";"1.79166666666667";"2.25";"1.33333333333333";"7.65995415917297";"13.308763594181";"0.288675134594813";"15.5884572681199";"4.12012778339342";"0.414851116999053";"1.42222616792382";"0.577350269189626";NA;NA;NA;"0";"0"
"19";"Chris_Christie";"3707";"461";"0.0145646707527896";"0.00472065208486934";"505";"313";"34";"4";"10";"3";"278";"99";"0.0838498178408955";"0.0168711656441718";"0.497332845175107";"0.262142504930966";"260.801587301587";"880.712962962963";"401.158747046755";"0";"13.6884920634921";"3.81944444444444";"8.02941176470588";"1";"1632.63972377285";"1847.50531870271";"1481.12778271886";"0";"32.9826779422545";"11.4943784709791";"14.0572105817784";"0";NA;NA;NA;"0";"0"
"20";"Christopher_Columbus";"3042";"359";"0.0643047393565298";"0.00718689942344651";"218";"224";"54";"21";"1";"0";"75";"61";"0.23305734826104";"0.0760425183973835";"0.724734014313322";"0.136922117878904";"181.405529953917";"784.276729559748";"133.588962611608";"36.1700680272109";"26.4654377880184";"4.10691823899371";"26.1666666666667";"1.0952380952381";"742.46107605005";"1369.64168211301";"510.889089590935";"116.272337060039";"46.2550292952926";"6.27188946049476";"58.6231166974322";"0.300792603759119";NA;NA;NA;"0";"0"
"21";"Conversion_therapy";"7477";"714";"0.0333493902819779";"0.00755108084098312";"474";"308";"51";"5";"13";"2";"174";"42";"0.12846036721139";"0.0126462219411951";"1.48670042774964";"0.758756061072266";"479.342494714588";"726.638655462185";"329.671097407472";"0";"29.3488372093023";"10.4117647058824";"42.3333333333333";"1";"3571.10784609594";"2441.86977836762";"1949.71489434114";"0";"103.23136596595";"44.8754229978092";"112.491540422677";"0";NA;NA;NA;"0";"0"
"22";"Digital_rights_management";"2945";"1143";"0.00824916107852529";"0.00155445488000914";"598";"858";"59";"34";"1";"6";"339";"311";"0.0528800843543255";"0.0153452685421995";"0.57143338131192";"0.0568548667096013";"490.601340033501";"3324.9905362776";"235.282474596351";"1172.41078431373";"8.70854271356784";"3.25236593059937";"3.47457627118644";"2.08823529411765";"3680.75855735611";"9095.56758942348";"1316.2039618789";"3948.50347211989";"24.4568269943413";"5.21597095499237";"3.74790024985665";"3.36080480133196";"40";NA;NA;"0";"0"
"23";"Ethnic_group";"27";"67";"0.0992647058823529";"0.0189265536723164";"17";"60";"8";"5";"0";"0";"4";"25";"0.220858895705521";"0";"0.42578125";"0.0669347888537777";"0.875";"84.92";"0";"0.4";"2.375";"2.48";"3.625";"1.6";"2.41867732448956";"85.4829831496495";"0";"0.894427190999916";"1.5";"1.70521409272877";"5.01248441394086";"0.894427190999916";NA;NA;NA;"0";"0"
"24";"Gambling";"15209";"588";"0.0132469654528478";"0.00260061919504644";"1072";"476";"133";"19";"6";"5";"566";"153";"0.0804873255429459";"0.0170753064798599";"0.494216858856832";"0.0533008310249307";"391.807656395892";"430.628125";"65.5201738053348";"0";"27.3874883286648";"3.1875";"28.9323308270677";"1.21052631578947";"4942.16814404932";"1052.29680264529";"472.572506014235";"0";"59.5631777390797";"4.982964710298";"106.379266854476";"0.917662935482247";"10";"5.09863945578231";"7.08385871992263";"0";"0"
"25";"Glenn_Beck";"2187";"124";"0.0268310636731689";"0.0101556101556102";"286";"111";"20";"2";"0";"0";"187";"48";"0.114807070899069";"0.0134529147982063";"0.686094182825485";"0.0998347107438017";"133.849122807018";"17.9154929577465";"21.2097052845529";"0";"14.2";"2.92957746478873";"22.9";"1";"965.967186574169";"29.4961239482039";"67.941433770374";"0";"35.6208318540125";"3.7045298281273";"71.6724273490529";"0";"48";NA;NA;"0";"0"
"26";"Golda_Meir";"10166";"381";"0.0218886319497375";"0.0048080563337624";"682";"282";"82";"11";"4";"3";"340";"97";"0.0772770148076905";"0.0279255319148936";"0.464842882432977";"0.136244475120629";"531.029368575624";"1343.46601941748";"549.873242034144";"662.227272727273";"28.8839941262849";"3.33009708737864";"22.5487804878049";"1.18181818181818";"4208.55622716142";"2261.99549494078";"4156.30986155081";"2075.35278162095";"57.635158738803";"6.34594297056395";"54.5731251271975";"0.404519917477945";NA;NA;NA;"0";"0"
"27";"Graeco-Armenian";"319";"41";"0.070017559262511";"0.0276653171390014";"68";"39";"7";"1";"1";"2";"36";"9";"0.186390532544379";"0";"0.951436845622633";"0.0931440443213296";"3.05970149253731";"11.2142857142857";"0.0178571428571429";"10";"8.73134328358209";"2.53571428571429";"5.71428571428571";"2";"10.3378352485765";"11.7642180104257";"0.0364604591216989";NA;"18.6876900736678";"1.95281644388101";"3.72890894294322";NA;NA;"3";"3.24037034920393";"0";"0"
"28";"Halliburton";"7769";"596";"0.0148829706938234";"0.00271536092431615";"723";"469";"78";"24";"10";"5";"347";"157";"0.0652710450096839";"0.0246768507638073";"0.453888859048043";"0.0336812404120096";"420.041551246537";"2030.7696969697";"62.6489210602602";"20.2083333333333";"20.584487534626";"3.19090909090909";"22.6666666666667";"1.20833333333333";"2515.38508424528";"3635.19438403467";"211.938588950379";"98.3631157306024";"45.2066812636619";"3.86275675503251";"63.4091366817008";"0.658005330140078";NA;"6.03691275167785";"8.5636703746006";"0";"0"
"29";"Harvey_Milk";"558";"122";"0.0123571618389583";"0.0101751459549625";"213";"110";"36";"11";"2";"1";"93";"37";"0.0658514583542147";"0.026431718061674";"0.463877269490922";"0.0360239037118088";"12.4669811320755";"147.336956521739";"30.4925925925926";"49.7272727272727";"4.31603773584906";"2.45652173913043";"4";"1.54545454545455";"53.6279681783755";"153.582227478406";"95.1187185894674";"90.9253440016489";"5.04568018125012";"1.53646549921938";"4.92225267825326";"0.687551650952329";NA;NA;NA;"0";"0"
"30";"Hentai";"210";"58";"0.0262172284644195";"0.0218702865761689";"90";"52";"19";"3";"0";"0";"38";"23";"0.11996336996337";"0.0909090909090909";"0.46206287084964";"0.0776624375240292";"10.4044943820225";"9.19512195121951";"3.31286549707602";"0";"3.75280898876404";"2.5609756097561";"3.21052631578947";"1";"29.7546631449514";"9.68560662063849";"11.4475785371539";"0";"3.6284259637567";"2.02544785773178";"2.37062924999581";"0";NA;NA;NA;"0";"0"
"31";"Hip_hop_culture";"6381";"460";"0.006650893248004";"0.00344337150984355";"980";"366";"97";"11";"4";"1";"601";"143";"0.0555642990267136";"0.0101010101010101";"0.481071865665179";"0.0872058547569901";"450.886618998979";"505.780701754386";"921.548973099284";"0";"12.0612870275792";"3.42982456140351";"12.360824742268";"1";"4306.19396942462";"1090.09895802389";"8280.2760527703";"0";"32.5095915180913";"6.38965201184868";"51.5764371198649";"0";NA;NA;NA;"0";"0"
"32";"Hydraulic_fracturing";"445";"1119";"0.0216103341103341";"0.00441399223705387";"144";"504";"8";"7";"5";"4";"61";"98";"0.0871537496380658";"0.0314274525161543";"0.548633184996821";"0.433822512242648";"93.3846153846154";"979.5";"0.1375";"0";"5.09090909090909";"7.47014925373134";"3.25";"1";"352.286431644755";"3791.29820869137";"0.350255009141299";"0";"9.02571372926614";"32.2789086641251";"1.90862703084106";"0";NA;NA;NA;"0";"0"
"33";"Jim_Thorpe";"787";"568";"0.0455123756650474";"0.00449438202247191";"132";"356";"33";"22";"0";"1";"41";"122";"0.124712202609363";"0.027355623100304";"0.450265136064332";"0.327411227930966";"38.5038167938931";"652.654618473896";"1.45373952386336";"0";"11.030534351145";"4.13253012048193";"11.5757575757576";"1.04545454545455";"215.325856969159";"1302.87208633331";"6.96277812810304";"0";"17.6373462731338";"15.2952958330679";"25.8312193660964";"0.21320071635561";NA;NA;NA;"0";"0"
"34";"Joe_Arpaio";"8066";"542";"0.0123701031813219";"0.00299364816349075";"808";"426";"70";"9";"7";"0";"442";"135";"0.0927341087760365";"0.00980885311871227";"0.586869231277131";"0.121998615916955";"503.097893432466";"576.890756302521";"91.5822755721758";"0";"18.9553903345725";"3.76470588235294";"13.5571428571429";"1";"3934.01613842333";"1817.64355567608";"336.452545833948";"0";"53.06459842045";"8.09876365243115";"31.2524251646964";"0";NA;NA;NA;"0";"0"
"35";"Kid_Rock";"27599";"461";"0.00879449826844076";"0.00517384570492245";"1772";"299";"124";"9";"5";"1";"1018";"114";"0.0727177172513497";"0.0150753768844221";"0.668036478288608";"0.144638755011036";"1536.4641445511";"328.442708333333";"278.28234217419";"0";"30.1304347826087";"4.24479166666667";"18.7903225806452";"1";"11515.6427482816";"587.334140962596";"1015.41012127606";"0";"89.1894665487869";"8.35517045037379";"52.1149876533275";"0";"27";NA;NA;"0";"0"
"36";"Kosovo_War";"904";"114";"0.0492374727668845";"0.02";"136";"76";"33";"13";"0";"0";"51";"16";"0.222919758018491";"0.0518518518518519";"0.83840877914952";"0.2432";"106.37037037037";"73.4583333333333";"184.146636843107";"0";"11.6296296296296";"4.16666666666667";"12.3939393939394";"1";"447.565498978501";"135.606040525304";"834.196481948096";"0";"22.6629228202658";"6.21026375337834";"35.4276899066424";"0";NA;NA;NA;"0";"0"
"37";"L._Ron_Hubbard";"71421";"248";"0.0180805517554243";"0.00974842767295597";"1988";"160";"227";"10";"11";"1";"988";"61";"0.12148945544118";"0.0459418070444104";"1.26086269356758";"0.214864918318105";"1204.8973326623";"242.778761061947";"1041.37307746192";"0";"70.6799194765979";"3.97345132743363";"57.5991189427313";"1";"12803.8434191392";"465.818244597866";"7612.13333263401";"0";"200.909132623167";"7.25610602107823";"201.837625528211";"0";"70";NA;NA;"0";"0"
"38";"Life_extension";"1056";"687";"0.0119313944817301";"0.00302573859732572";"298";"477";"34";"18";"2";"8";"141";"109";"0.0566207309766327";"0.0197680548234054";"0.564035415887268";"0.116967375185368";"75.7946127946128";"1108.63701067616";"28.1742760551293";"0";"5.96296296296296";"4.19217081850534";"4.55882352941176";"1.16666666666667";"679.7534738039";"3277.08575003247";"125.730171613547";"0";"16.7094196399727";"8.96652958344068";"9.03592552476649";"0.707106781186548";NA;"4.17321688500728";"5.49852712728694";"0";"0"
"39";"Linda_Ronstadt";"4124";"795";"0.0136083154594951";"0.0118972793391398";"551";"259";"53";"6";"3";"2";"279";"69";"0.0683183770817122";"0.0152444366567373";"1.24956859504132";"1.60087284418004";"299.727272727273";"306.472222222222";"113.719080669957";"0";"13.4654545454545";"10.2430555555556";"8.26415094339623";"1";"3358.31956537123";"910.684270621458";"331.685701252407";"0";"62.6237040794821";"69.1430306878155";"13.3951066602068";"0";NA;NA;NA;"0";"0"
"40";"Margaret_Thatcher";"105";"481";"0.0554968287526427";"0.0055459471924363";"44";"295";"16";"32";"0";"0";"9";"91";"0.172828890799656";"0.0243337195828505";"0.538128718226068";"0.0609873200981073";"4";"1830.12621359223";"1.41666666666667";"201.699865894975";"3.72093023255814";"4.2378640776699";"2.9375";"1.0625";"11.7611255445248";"2616.59477122863";"2.85903376581566";"805.04984956257";"4.01974638737646";"5.62110338105068";"2.76812210713328";"0.245934688418982";NA;NA;NA;"0";"0"
"41";"Marital_rape";"1154";"655";"0.0204588164379676";"0.00666449604200159";"238";"314";"18";"12";"7";"5";"106";"112";"0.112677944291038";"0.054707852623744";"0.509106446616461";"0.278567710194041";"67.6751054852321";"953.397321428571";"88.6486427162689";"83.998004626952";"8.68354430379747";"5.44642857142857";"6.38888888888889";"1.16666666666667";"316.431103211851";"2249.83072220777";"239.230708697967";"199.119894455801";"16.3174630670335";"13.0389821095158";"10.146798329516";"0.389249472080761";NA;"9.49923664122137";"12.808501908066";"0";"0"
"42";"Mental_disorder";"2341";"1407";"0.0205520341334082";"0.00233351908609641";"338";"777";"58";"19";"1";"4";"153";"195";"0.0809063935138813";"0.0171296804655759";"0.482358742262413";"0.343469351153151";"89.8605341246291";"1101.34106728538";"77.8811117963239";"0";"12.8902077151335";"5.7262180974478";"11.3103448275862";"1";"477.471497499434";"4149.70321938125";"491.448109537413";"0";"23.0507293607788";"29.3400152873051";"20.0071977368775";"0";NA;NA;NA;"0";"0"
"43";"Michael_Moore";"73464";"484";"0.0157240390900673";"0.00306317481614622";"2162";"398";"275";"26";"6";"1";"1043";"159";"0.0877454343198667";"0.00842696629213483";"0.718759268090402";"0.0398581299291284";"1920.61499305877";"1181";"1503.74781883167";"8.15384615384615";"66.8773715872281";"3";"61.8690909090909";"1.03846153846154";"15293.7514424624";"2338.91859535771";"7060.91355502689";"41.576620649295";"160.89461771876";"3.67806593389576";"251.271302523385";"0.196116135138184";"36";NA;NA;"0";"0"
"44";"Mike_Tyson";"11390";"1010";"0.0111545279156996";"0.00147141949732814";"1011";"829";"122";"14";"0";"1";"608";"380";"0.0611147561970907";"0.00972017673048601";"0.444730908734438";"0.10070319610726";"830.985148514851";"3665.40939597315";"609.033491890069";"0";"21.6435643564356";"2.99832214765101";"24.2213114754098";"1";"7427.4022293535";"7715.83206209028";"3936.07904814866";"0";"44.9085811093274";"7.37210257251918";"93.7656223717503";"0";"10";NA;NA;"0";"0"
"45";"Nicolas_Sarkozy";"2866";"417";"0.0147033172243256";"0.00714996056376667";"442";"242";"48";"12";"2";"1";"226";"83";"0.08398879166257";"0.0272727272727273";"0.619350990585199";"0.355314130266352";"529.557823129252";"807.965714285714";"270.645867770242";"14.4166666666667";"11.7324263038549";"4.38285714285714";"10.1458333333333";"1.16666666666667";"2994.06502013048";"1828.15897103231";"707.312723714163";"48.3875610111324";"27.1325210060754";"13.3009697536503";"22.5312922666605";"0.389249472080761";"38";NA;NA;"0";"0"
"46";"Nicolaus_Copernicus";"347";"323";"0.16049953746531";"0.00506618984879854";"47";"253";"13";"19";"0";"0";"17";"88";"0.278109224414869";"0.0186528497409326";"1.09097353497164";"0.0626417233560091";"29.2608695652174";"577.852272727273";"6.15736239069572";"3.63157894736842";"13.0434782608696";"3.23295454545455";"12.3076923076923";"1.05263157894737";"90.966350137984";"996.48061312685";"12.8414590726575";"15.8296856370688";"24.6819380850218";"4.02524097850861";"24.7062226149089";"0.229415733870562";"47";NA;NA;"0";"0"
"47";"Noam_Chomsky";"14114";"1008";"0.0132908948800768";"0.00218314129775622";"1031";"680";"134";"37";"2";"2";"524";"190";"0.0982518169660016";"0.0220435325107445";"0.686889904797813";"0.0494359503818532";"1130.66990291262";"2439.88613861386";"245.349604459077";"0";"26.0067961165049";"4.30693069306931";"28.2985074626866";"1";"7294.24466655355";"6113.25567604377";"738.505160138228";"0";"63.7108762733427";"7.38685382382374";"134.258141537801";"0";NA;NA;NA;"0";"0"
"48";"North_American_Man.Boy_Love_Association";"14150";"492";"0.0122103599079089";"0.00426861009890682";"1077";"340";"165";"13";"5";"3";"532";"74";"0.12051428549219";"0.0214381420276909";"0.563126632440127";"0.170273492225094";"860.412639405205";"519.431578947368";"388.080815502334";"0";"25.1923791821561";"4.38947368421053";"20.8181818181818";"1";"8261.53324060229";"978.085845225193";"2923.9363827132";"0";"67.2062370964169";"10.8820465092492";"54.7367617058217";"0";NA;"3.68292682926829";"5.88458869286955";"0";"0"
"49";"Nullum_crimen,_nulla_poena_sine_praevia_lege_poenali";"173";"36";"0.0358178053830228";"0.0340909090909091";"70";"33";"10";"3";"7";"1";"9";"4";"0.11362248014661";"0";"0.470909472799832";"0.07763671875";"1.82608695652174";"15.3076923076923";"0.233333333333333";"12";"4.01449275362319";"2.5";"2.7";"2";"6.52485098511439";"13.2325937919041";"0.629520687742902";"10.5830052442584";"5.12058347325423";"1.33416640641263";"0.674948557710553";"1";NA;"3.16666666666667";"2.80305955290694";"0";"0"
"50";"Oil_spill";"18184";"435";"0.0122472456494125";"0.0026195982078335";"1219";"408";"116";"6";"4";"3";"695";"182";"0.0733257638494371";"0.0195758564437194";"0.637701176388114";"0.0170782799775429";"454.875205254516";"398.691525423729";"36.2546688298685";"0";"28.9761904761905";"2.56610169491525";"22.4655172413793";"1";"4429.30807260939";"715.229771198186";"229.718810348033";"0";"71.7049573717717";"2.12088819231869";"35.9730408801496";"0";NA;"8.75632183908046";"12.0605395056801";"0";"0"
"51";"Other_Losses";"983";"311";"0.0315549563430919";"0.00923616060822048";"177";"184";"24";"9";"7";"4";"62";"34";"0.126179349263733";"0.0135483870967742";"0.665386105371901";"0.281913464122548";"178.517045454545";"159.602150537634";"107.446373219002";"0";"9.78409090909091";"5.70967741935484";"19.625";"1";"789.510498027443";"364.335987082048";"322.358734757477";"0";"21.7215883995025";"14.4331898950642";"49.9946192756954";"0";NA;NA;NA;"0";"0"
"52";"Paraphilia";"1744";"625";"0.0291736366677819";"0.00287195228423597";"245";"467";"56";"15";"0";"8";"113";"118";"0.10081283072391";"0.0104712041884817";"0.515965130341306";"0.0949708964983698";"106.155737704918";"1417.98653198653";"34.303737323417";"8.4";"13.2090163934426";"3.63636363636364";"4.28571428571429";"1.06666666666667";"691.65876822963";"2849.25978322757";"109.255802321491";"32.5330601081423";"22.381313870083";"7.70414228540779";"3.96674487899902";"0.258198889747161";NA;"5.3552";"7.37515162816749";"0";"0"
"53";"Pat_Buchanan";"15348";"1739";"0.00691784495697757";"0.00169632719312963";"1490";"1013";"120";"27";"24";"8";"725";"252";"0.0564948459430421";"0.00931258424212719";"0.552553063184193";"0.313336308175413";"1584.61652115514";"3960.06954887218";"1486.44254551422";"0";"19.4969778374748";"5.63345864661654";"13.3833333333333";"1";"9328.82683724642";"11611.9147460786";"7773.34703236753";"0";"60.909693401535";"29.0602181605827";"40.0579796881305";"0";NA;"4.56929269695227";"6.22794845069368";"0";"0"
"54";"Piprahwa";"642";"97";"0.0555555555555556";"0.048989898989899";"108";"45";"10";"1";"9";"1";"28";"9";"0.254458314757022";"0.0816326530612245";"0.684426587474889";"0.310175619834711";"78.9345794392523";"19.9230769230769";"182.673745327491";"0";"10.5700934579439";"6.73076923076923";"18.2";"1";"252.698094344852";"26.9932185215814";"383.618935490881";NA;"20.6224425056016";"9.62728494356614";"22.3447731894707";NA;NA;NA;NA;"0";"0"
"55";"Puerto_Rico";"52";"616";"0.08";"0.00380232830882807";"26";"403";"9";"28";"0";"2";"6";"164";"0.267175572519084";"0.0193548387096774";"0.416";"0.124616346130046";"1.84";"1104.78368794326";"1.77777777777778";"0";"3.2";"3.93971631205674";"2.88888888888889";"1";"3.84523514668912";"3028.26740777591";"3.49205447329283";"0";"2.12132034355964";"8.72554542591654";"1.36422546197874";"0";NA;NA;NA;"0";"0"
"56";"Quebec";"501";"71";"0.0980046948356808";"0.0455128205128205";"72";"40";"21";"6";"0";"0";"33";"14";"0.297855440826052";"0.0845070422535211";"0.721880579250149";"0.111111111111111";"37.0140845070422";"53.7586206896552";"33.550900484923";"0";"12.4929577464789";"4.51724137931035";"14";"1";"132.476158549244";"67.6739320842512";"79.0997030797206";"0";"19.4978923692036";"3.55186761391779";"21.7117479720081";"0";"49";NA;NA;"0";"0"
"57";"Robert_F._Kennedy";"33";"404";"0.121323529411765";"0.00482042715666388";"17";"290";"5";"14";"0";"0";"5";"96";"0.338461538461538";"0.0153649167733675";"0.40234375";"0.106272673938291";"3.5";"770.608108108108";"2.6";"91.5";"3.125";"3.33333333333333";"2.4";"1.5";"5.16074929960111";"1518.48589881873";"5.81377674149945";"219.679749425595";"1.70782512765993";"5.35581611093753";"1.94935886896179";"1.34450448407296";"3";NA;NA;"0";"0"
"58";"Ronald_Reagan";"135";"1804";"0.0598404255319149";"0.00141906901521015";"48";"1128";"22";"71";"0";"1";"10";"419";"0.20462850182704";"0.0189158954540832";"0.525577184246265";"0.157105301902405";"5.68085106382979";"5798.84507042254";"3.22121212121212";"0";"4.59574468085106";"4.17541613316261";"5.81818181818182";"1.02816901408451";"14.4016014016304";"16832.5632571113";"7.5405327689517";"0";"4.4850455596934";"14.1293007062772";"11.2106937198219";"0.237356331638771";NA;NA;NA;"0";"0"
"59";"Sailor_Moon";"36635";"21";"0.00953152806252537";"0.0323076923076923";"1961";"26";"115";"0";"20";"0";"1161";"0";"0.0838247516523529";"0";"0.634414436693045";"0.2576";"1453.01224489796";"0.285714285714286";"158.868750643499";"NaN";"36.0954081632653";"3.28571428571429";"12.7826086956522";"NaN";"19839.4287117618";"0.755928946018454";"677.377036249579";NA;"111.254109384154";"4.78589196542942";"34.0739089896766";NA;NA;NA;NA;"0";"0"
"60";"Sheila_Jeffreys";"526";"62";"0.0235346756152125";"0.0216631726065688";"150";"54";"15";"1";"11";"2";"34";"6";"0.136464909023394";"0";"0.479663078239719";"0.160555357778569";"32.3959731543624";"17.7";"47.2889614633732";"44";"6.06040268456376";"2.75";"7.2";"2";"99.787935534804";"18.5267651153952";"162.709869487405";NA;"8.75664086829013";"3.04454114264051";"13.5709774361108";NA;NA;"3.83870967741935";"4.16933987929566";"0";"0"
"61";"Silesia";"2549";"158";"0.10146485152456";"0.0162853019995877";"159";"99";"34";"8";"1";"0";"59";"14";"0.326389520604021";"0.0226586102719033";"1.95513539496876";"0.390722615576843";"165.259493670886";"165.586206896552";"110.729694989012";"0";"30.6455696202532";"4.74137931034483";"12.2352941176471";"1.625";"518.275921912772";"268.702909182063";"477.402136454438";"0";"76.4335668373679";"10.5357542379448";"16.5420654302524";"1.76776695296637";NA;NA;NA;"0";"0"
"62";"Solar_power";"3371";"113";"0.0157592587398203";"0.0116470830756545";"463";"99";"33";"0";"2";"1";"270";"40";"0.0815479676943003";"0.00622406639004149";"0.687023294166151";"0.245939192003332";"141.489177489178";"47.968253968254";"36.2826177482706";"NaN";"13.6190476190476";"3.01587301587302";"8.3030303030303";"NaN";"1186.75852653002";"129.030781305553";"150.37377105845";NA;"39.1172926786819";"6.31815628346788";"15.6334674026686";NA;NA;NA;NA;"0";"0"
"63";"Standardization_of_Office_Open_XML";"844";"315";"0.0439995829423418";"0.0109641489731987";"139";"170";"11";"4";"9";"3";"35";"15";"0.155264326965793";"0.0574957410562181";"0.937381852551985";"0.349077413255838";"75.1449275362319";"277.253521126761";"9.1783649215102";"0";"10.2826086956522";"7.47887323943662";"5";"1";"312.838409181233";"596.916011031926";"21.4807149411371";"0";"24.665644161549";"17.2020423662255";"5.42217668469038";"0";NA;"5.82539682539683";"10.3627512801196";"0";"0"
"64";"Steven_Universe";"3447";"466";"0.0140395894428152";"0.00579803911810083";"496";"284";"16";"2";"6";"3";"320";"116";"0.0800043460939481";"0.00945732943030849";"0.637751249872462";"0.27254679169424";"486.719191919192";"805.205882352941";"0.0958472517066267";"0";"12.6262626262626";"4.17647058823529";"2.125";"1";"3727.7180100498";"2168.8265707597";"0.271273805057348";"0";"37.1537961995292";"14.3502367874636";"0.718795288428261";"0";NA;"5.48497854077253";"5.41014476179931";"0";"0"
"65";"Surrogate_mother";"76";"6";"0.0935960591133005";"0.0833333333333333";"29";"9";"11";"1";"0";"0";"12";"3";"0.234295415959253";"0";"0.309948979591837";"0.046875";"0.892857142857143";"1.66666666666667";"1.13636363636364";"0";"4.64285714285714";"1.5";"4.72727272727273";"1";"1.48324960626114";"1.86189867250253";"1.87204312304644";NA;"3.6333260521261";"0.547722557505166";"4.90083480829356";NA;"3";"1";"1.26491106406735";"0";"0"
"66";"Three_Gorges_Dam";"8675";"389";"0.0126994211698985";"0.00390797669278682";"827";"316";"97";"10";"0";"0";"475";"126";"0.0773365235913746";"0.0157790927021696";"0.455769366063001";"0.0358881330309902";"961.491525423728";"1559.85858585859";"1201.92836174864";"0";"20.0690072639225";"3.33333333333333";"10.5463917525773";"1";"6317.5212016085";"2656.40704995852";"7588.01076122067";"0";"45.8672004891322";"4.02403943830267";"31.3647960228225";"0";NA;NA;NA;"0";"0"
"67";"Tiananmen_Square_protests_of_1989";"22240";"860";"0.0136701702624624";"0.0017327530625403";"1276";"705";"143";"22";"1";"2";"777";"295";"0.0961518721356415";"0.015353121801433";"0.599741022683583";"0.0359602999096074";"1236.17568627451";"3749.7387755102";"486.13973032545";"17.5454545454545";"33.8478431372549";"3.07142857142857";"30.8811188811189";"1.13636363636364";"12366.0299162902";"7576.35347418966";"2099.98058898506";"82.2954765132656";"85.7209085425303";"4.39103474070401";"67.0953168440336";"0.639602149066831";NA;NA;NA;"0";"0"
"68";"Time_Warner";"324";"586";"0.0196220930232558";"0.00288741069228874";"129";"451";"25";"17";"1";"5";"50";"156";"0.094929612557618";"0.0159786950732357";"0.4998779296875";"0.101782716049383";"22.46875";"1016.77743902439";"16.34";"1.29411764705882";"4.03125";"3.19817073170732";"7.8";"1.05882352941176";"73.3308463846972";"1835.20149613319";"74.9591166347808";"5.33578375079933";"4.21272444435836";"5.70050668450254";"26.0144190786571";"0.242535625036333";NA;"6.41126279863481";"7.47415897741731";"0";"0"
"69";"Tony_Blair";"62";"631";"0.0587121212121212";"0.00254943314505507";"33";"498";"11";"34";"0";"0";"6";"161";"0.159926470588235";"0.0233009708737864";"0.455078125";"0.0790983324494249";"0.78125";"842.683168316832";"0.5";"0";"2.875";"3.52145214521452";"2.27272727272727";"1";"1.70358966360315";"2196.25267370527";"1.07238052947636";"0";"2.63659115207986";"5.58190387452383";"1.34839972492648";"0";"30";NA;NA;"0";"0"
"70";"Transsexual";"4597";"670";"0.0365799315668019";"0.00432699138476641";"355";"394";"59";"18";"0";"0";"187";"150";"0.167434306980941";"0.036547700754976";"0.657362188387756";"0.194640301976704";"213.853107344633";"871.479838709677";"15.1899220629523";"0";"24.5875706214689";"4.81451612903226";"17.0847457627119";"1";"1508.81869727535";"2874.9757501903";"97.9513140254818";"0";"50.5575089849301";"12.1893741045415";"37.166581269957";"0";NA;NA;NA;"0";"0"
"71";"Trinity_Broadcasting_Network";"1628";"343";"0.0116078431372549";"0.00651224606037593";"375";"230";"41";"9";"7";"2";"183";"74";"0.074341419854145";"0.0120320855614973";"0.540635991878521";"0.0724051791537156";"201.133689839572";"283.179487179487";"69.5361850173826";"0";"7.60427807486631";"3.92307692307692";"4.39024390243902";"1";"910.595007860498";"454.838388640197";"244.129489038769";"0";"12.5963773203008";"5.25054646807354";"4.63615168421228";"0";NA;NA;NA;"0";"0"
"72";"Twitter";"2556";"424";"0.0103270223752151";"0.00302317290552585";"498";"375";"25";"9";"2";"0";"244";"151";"0.0574449107479788";"0.0158311345646438";"0.465456724248914";"0.0291400955131688";"80.5915492957747";"603.071672354949";"5.89874272170347";"412.555555555556";"9.33601609657948";"2.61433447098976";"8.88";"2.44444444444444";"513.696395032609";"1100.89141573047";"24.5072764937978";"549.650823503229";"20.3308761945581";"2.47827533050173";"19.1688114741977";"1.81046341520004";NA;NA;NA;"0";"0"
"73";"United_Submitters_International";"1422";"277";"0.0375892149088025";"0.00779578971068333";"195";"189";"25";"6";"3";"0";"78";"34";"0.165660324369866";"0.023454157782516";"0.526968859602508";"0.117827636939792";"177.907216494845";"122.355263157895";"67.0618257328694";"0";"13.5360824742268";"5.80263157894737";"7.68";"1";"864.589507914105";"220.436700147525";"153.000271584334";"0";"29.3317850392542";"9.27795916760736";"9.53816893678586";"0";NA;NA;NA;"0";"0"
"74";"Valencianism";"35";"21";"0.318181818181818";"0.1";"11";"15";"3";"0";"1";"0";"2";"0";"0.534883720930233";"0";"0.64";"0.964285714285714";"2.3";"0";"0";"NaN";"5.7";"28";"3";"NaN";"5.05085251330022";NA;"0";NA;"5.41705126839727";NA;"2";NA;NA;"0.571428571428571";"0.925820099772551";"0";"0"
"75";"Video_game_controversies";"457";"253";"0.0342578710644678";"0.0111699779249448";"116";"151";"25";"9";"1";"0";"49";"38";"0.139636363636364";"0.0172413793103448";"0.671531190926276";"0.482022222222222";"81.9217391304348";"235.193548387097";"12.6217673460189";"0";"6.54782608695652";"4.81720430107527";"4.48";"1";"322.365553874512";"500.460320334631";"24.221423647783";"0";"14.7048407581951";"15.5402326633016";"3.52514775104061";"0";NA;NA;NA;"0";"0"
"76";"Windows_Vista";"545";"96";"0.0296840958605665";"0.0122574055158325";"136";"89";"17";"9";"0";"0";"74";"35";"0.0973878282445379";"0.0223880597014925";"0.496186556927298";"0.0393207644628099";"25.9185185185185";"68.5454545454545";"7.88961970532448";"0";"7.02962962962963";"2.56060606060606";"3.94117647058824";"1.11111111111111";"96.816249956877";"78.5139246480289";"18.3011112687022";"0";"10.9319064311771";"1.81556338260893";"3.716022541564";"0.333333333333333";NA;NA;NA;"0";"0"
"77";"World_Trade_Center_site";"18";"486";"0.136363636363636";"0.0042415039011363";"12";"339";"7";"19";"0";"5";"3";"86";"0.24";"0.029616724738676";"0.396694214876033";"0.074380273799937";"0.181818181818182";"463.848484848485";"0.19047619047619";"18.3130915524104";"2.27272727272727";"3.74025974025974";"3.14285714285714";"1.26315789473684";"0.345241827118209";"1042.30707334823";"0.377964473009227";"79.8249154207655";"1.27207775634268";"6.35829331230364";"3.53216512583861";"1.14707866935281";NA;NA;NA;"0";"0"
"78";"Young_Earth_creationism";"5708";"968";"0.0368633833197711";"0.00227360272080722";"394";"653";"51";"18";"2";"5";"199";"195";"0.11555438916519";"0.0267673301304049";"0.765333540521467";"0.0368933249275471";"443.893129770992";"2152.91666666667";"626.809785804498";"0";"27.6259541984733";"4.14460784313725";"55.156862745098";"1";"2569.0877128031";"6001.45937101329";"2090.0168857635";"0";"63.4747663037386";"5.95818107421695";"112.789959224927";"0";NA;"4.28409090909091";"5.38611288369112";"0";"0"
"79";"Zimbabwe";"106899";"320";"0.0101112799808404";"0.00395354583642204";"3252";"285";"260";"19";"19";"0";"1846";"114";"0.055701514310819";"0.0093603744149766";"2.20711616925762";"0.0366680718111486";"2971.0602891418";"345.43119266055";"2366.00998676392";"93.0526315789474";"64.7108581974777";"2.62844036697248";"55.3461538461538";"1.57894736842105";"32863.8642796178";"491.242096729386";"28614.7652005714";"217.716296966746";"287.260644018744";"2.44280535801869";"235.554360071845";"0.837707816583391";NA;NA;NA;"0";"0"
